drift,unbalance,type,alg,F1_0,F1_1
sea_P(y),1,sudden,improved_OOB,1.01299509315718,1.0398375857573752
sea_P(y),1,sudden,WEOB1,1.0123621158662484,1.0369867095604088
sea_P(y),1,sudden,OOB,1.012430688903036,1.0390180042002288
sea_P(y),1,sudden,improved_UOB,1.0106878855543322,1.027286701604574
sea_P(y),1,sudden,WEOB2,1.008731076990143,1.0195990562515818
sea_P(y),1,sudden,UOB,1.012430688903036,1.0390180042002288
sea_P(y),1,sudden,CSMOTE,1.0099890066003916,1.0294741173855722
sea_P(y),1,sudden,RebalanceStream,1.0069700066658838,0.9905723258290382
sea_P(y),1,incremental,improved_OOB,1.012156312433977,1.032912842927354
sea_P(y),1,incremental,WEOB1,1.011401842920355,1.029585940530878
sea_P(y),1,incremental,OOB,1.011568253737649,1.0324299924997797
sea_P(y),1,incremental,improved_UOB,1.0098290948688597,1.0217262268014744
sea_P(y),1,incremental,WEOB2,1.0081865191485866,1.0167949711645825
sea_P(y),1,incremental,UOB,1.011568253737649,1.0324299924997797
sea_P(y),1,incremental,CSMOTE,1.0089085520576115,1.021830791786013
sea_P(y),1,incremental,RebalanceStream,1.009589232737298,1.0244896152067635
sea_P(y),3,incremental,improved_OOB,1.0156075021001545,1.0349566379177868
sea_P(y),3,incremental,WEOB1,1.015225868757585,1.0356413763785377
sea_P(y),3,incremental,OOB,1.0122101119762033,1.032133692437038
sea_P(y),3,incremental,improved_UOB,1.0115906447301148,1.030744179670787
sea_P(y),3,incremental,WEOB2,1.004733409933925,1.0250258393856262
sea_P(y),3,incremental,UOB,1.0110100490814171,1.0299552515299855
sea_P(y),3,incremental,CSMOTE,0.97648419291745,0.9730396957982588
sea_P(y),3,incremental,RebalanceStream,1.0028551005096527,1.0235525417681275
sea_P(y),3,sudden,improved_OOB,1.0122249779640549,1.0295754791678262
sea_P(y),3,sudden,WEOB1,1.0120715320300626,1.0308353229922467
sea_P(y),3,sudden,OOB,1.0096174811459266,1.028162511453832
sea_P(y),3,sudden,improved_UOB,1.0094416664589831,1.028116390613987
sea_P(y),3,sudden,WEOB2,1.0009866325429455,1.0188558184521967
sea_P(y),3,sudden,UOB,1.0083233080993657,1.0256945564602367
sea_P(y),3,sudden,CSMOTE,1.001553608279796,1.0140467321158564
sea_P(y),3,sudden,RebalanceStream,0.9996785182393655,1.0192845161251634
sea_P(y),2,sudden,improved_OOB,1.0134259695661347,1.042238632072569
sea_P(y),2,sudden,WEOB1,1.0130855709250957,1.0423134664544202
sea_P(y),2,sudden,OOB,1.0112463475334639,1.039442254989459
sea_P(y),2,sudden,improved_UOB,1.0100222844084652,1.0367487847501704
sea_P(y),2,sudden,WEOB2,1.0023749200925247,1.0270638427396868
sea_P(y),2,sudden,UOB,1.009330001294032,1.033531879684502
sea_P(y),2,sudden,CSMOTE,0.9960832824769736,0.998500676999235
sea_P(y),2,sudden,RebalanceStream,0.9981223957276363,0.9875462103334965
sea_P(y),2,incremental,improved_OOB,1.0185631173810057,1.0487059800874934
sea_P(y),2,incremental,WEOB1,1.0180939421637205,1.0483350244016194
sea_P(y),2,incremental,OOB,1.0157166130689275,1.044000234731345
sea_P(y),2,incremental,improved_UOB,1.0144292984297054,1.0408092266759714
sea_P(y),2,incremental,WEOB2,1.0066072404003035,1.0308328945349292
sea_P(y),2,incremental,UOB,1.0132769015883776,1.0367256444538584
sea_P(y),2,incremental,CSMOTE,0.9533216841479715,0.9058670660300451
sea_P(y),2,incremental,RebalanceStream,1.0066536818414435,1.0377265733558956
sea_P(y),4,incremental,improved_OOB,1.0130679705674672,1.0271780922042604
sea_P(y),4,incremental,WEOB1,1.0130506104998631,1.0289483653521951
sea_P(y),4,incremental,OOB,1.0095798743349977,1.026231921914949
sea_P(y),4,incremental,improved_UOB,1.0101603463883486,1.0267249566646206
sea_P(y),4,incremental,WEOB2,1.0031086765858146,1.0212144842481303
sea_P(y),4,incremental,UOB,1.0084248932743314,1.0247703108261945
sea_P(y),4,incremental,CSMOTE,0.9950536920556243,1.007945221897351
sea_P(y),4,incremental,RebalanceStream,1.000080786371623,1.0172590911105948
sea_P(y),4,sudden,improved_OOB,1.0131281782976869,1.027734673551211
sea_P(y),4,sudden,WEOB1,1.0130935488787418,1.0295519745552972
sea_P(y),4,sudden,OOB,1.0096288375522378,1.0268817818312321
sea_P(y),4,sudden,improved_UOB,1.010329934637263,1.027139909580914
sea_P(y),4,sudden,WEOB2,1.0027822620259648,1.021089344406489
sea_P(y),4,sudden,UOB,1.0094146983503134,1.0264716098374114
sea_P(y),4,sudden,CSMOTE,0.9965100382624635,1.0090164471336733
sea_P(y),4,sudden,RebalanceStream,0.999617930013864,1.0179429551834602
sea_P(y_x),1,sudden,improved_OOB,1.0141943917646161,1.222684544279473
sea_P(y_x),1,sudden,WEOB1,1.0105507473792361,1.171122615496528
sea_P(y_x),1,sudden,OOB,1.0096470478853263,1.214655472946833
sea_P(y_x),1,sudden,improved_UOB,0.9693095409367881,0.9356223573081585
sea_P(y_x),1,sudden,WEOB2,0.9764529382986842,0.9239065964611449
sea_P(y_x),1,sudden,UOB,0.9679177278563682,0.9323991149189835
sea_P(y_x),1,sudden,CSMOTE,0.9980004192935368,0.9727060613715602
sea_P(y_x),1,sudden,RebalanceStream,1.0543390195168392,0.7492232265910634
sea_P(y_x),1,incremental,improved_OOB,1.015801914087386,1.2132523366040628
sea_P(y_x),1,incremental,WEOB1,1.0121278520387622,1.1690674461845874
sea_P(y_x),1,incremental,OOB,1.009629709919122,1.1984826607745436
sea_P(y_x),1,incremental,improved_UOB,0.9729148356029211,0.9513624735193812
sea_P(y_x),1,incremental,WEOB2,0.9751629609500033,0.935192193847018
sea_P(y_x),1,incremental,UOB,0.9700360120246865,0.9486322728785389
sea_P(y_x),1,incremental,CSMOTE,0.9953070533619215,0.9574865349612682
sea_P(y_x),1,incremental,RebalanceStream,1.0537075914768093,0.764405285149644
sea_P(y_x),3,incremental,improved_OOB,1.0154049554456157,1.0549949502865628
sea_P(y_x),3,incremental,WEOB1,1.0113478711014072,1.0478782780325178
sea_P(y_x),3,incremental,OOB,1.0063287759004458,1.0515870428985907
sea_P(y_x),3,incremental,improved_UOB,0.9972376766963363,1.0230280575249284
sea_P(y_x),3,incremental,WEOB2,0.9949533770340221,0.9737100839822281
sea_P(y_x),3,incremental,UOB,0.9726543585868709,1.0014678078895485
sea_P(y_x),3,incremental,CSMOTE,1.0060752514636757,1.0268609212205417
sea_P(y_x),3,incremental,RebalanceStream,1.0117979321349062,0.9926225113494463
sea_P(y_x),3,sudden,improved_OOB,1.014862432758519,1.057672949328275
sea_P(y_x),3,sudden,WEOB1,1.01130125404181,1.0492961551633788
sea_P(y_x),3,sudden,OOB,1.0059938294563087,1.0569889042717269
sea_P(y_x),3,sudden,improved_UOB,0.996893586531427,1.0217719035617896
sea_P(y_x),3,sudden,WEOB2,0.992602361600349,0.9582840726623906
sea_P(y_x),3,sudden,UOB,0.9728607516865997,1.0004642145150988
sea_P(y_x),3,sudden,CSMOTE,1.007954262556573,1.0345071545813538
sea_P(y_x),3,sudden,RebalanceStream,1.0117001798221181,0.9953245379415282
sea_P(y_x),2,sudden,improved_OOB,1.0156983885966009,1.1160773943675335
sea_P(y_x),2,sudden,WEOB1,1.010071919259757,1.095104811637075
sea_P(y_x),2,sudden,OOB,1.0110372426555356,1.1107976342287915
sea_P(y_x),2,sudden,improved_UOB,0.9844926593445567,1.0230493139121
sea_P(y_x),2,sudden,WEOB2,0.9889808682906496,0.9688185986584904
sea_P(y_x),2,sudden,UOB,0.9665464461577309,0.9911278537097523
sea_P(y_x),2,sudden,CSMOTE,0.995969657065602,1.0273308032809938
sea_P(y_x),2,sudden,RebalanceStream,1.0304463472315877,0.818107814508672
sea_P(y_x),2,incremental,improved_OOB,1.014877902522545,1.1085907185573949
sea_P(y_x),2,incremental,WEOB1,1.009373810966299,1.0885088867438817
sea_P(y_x),2,incremental,OOB,1.0108201932121854,1.1080576688602115
sea_P(y_x),2,incremental,improved_UOB,0.9909795150014279,1.0268772717735644
sea_P(y_x),2,incremental,WEOB2,0.9906243805963456,0.9894849749237354
sea_P(y_x),2,incremental,UOB,0.9659543834975376,0.9869067106875565
sea_P(y_x),2,incremental,CSMOTE,0.9924482495391945,1.0011643815708775
sea_P(y_x),2,incremental,RebalanceStream,1.0315733400739306,0.84220364645826
sea_P(y_x),4,incremental,improved_OOB,1.0135178437531425,1.0402076536162959
sea_P(y_x),4,incremental,WEOB1,1.0117082078796458,1.039058057296959
sea_P(y_x),4,incremental,OOB,1.0099102331673373,1.0471240766083059
sea_P(y_x),4,incremental,improved_UOB,1.0057255442187505,1.0324651904858704
sea_P(y_x),4,incremental,WEOB2,0.9885904992749315,0.9502201035851318
sea_P(y_x),4,incremental,UOB,0.9958729933579197,1.0265561788171436
sea_P(y_x),4,incremental,CSMOTE,1.0046803011393426,1.0243137244825837
sea_P(y_x),4,incremental,RebalanceStream,1.0033544970819102,1.0168244998663343
sea_P(y_x),4,sudden,improved_OOB,1.013499179615625,1.0413400678970808
sea_P(y_x),4,sudden,WEOB1,1.012339847000083,1.0392210838474265
sea_P(y_x),4,sudden,OOB,1.011028906258068,1.0527141276820262
sea_P(y_x),4,sudden,improved_UOB,1.0067640940678773,1.030866090498038
sea_P(y_x),4,sudden,WEOB2,0.9831267407330311,0.9223418447699546
sea_P(y_x),4,sudden,UOB,0.9937438991956307,1.0334974882556567
sea_P(y_x),4,sudden,CSMOTE,1.0061273099504966,1.0347077919298133
sea_P(y_x),4,sudden,RebalanceStream,1.004869202545522,1.023759515115319
sea_P(x_y),1,sudden,improved_OOB,1.037066452074246,1.253490083141724
sea_P(x_y),1,sudden,WEOB1,1.0159271987547491,1.1467384130624259
sea_P(x_y),1,sudden,OOB,1.028370989097997,1.2022730420968704
sea_P(x_y),1,sudden,improved_UOB,0.9619017849547072,0.9123818560266452
sea_P(x_y),1,sudden,WEOB2,0.9495375602829468,0.876826562139799
sea_P(x_y),1,sudden,UOB,0.9486962702345557,0.87571818093752
sea_P(x_y),1,sudden,CSMOTE,0.9922927077424428,0.9723856562744245
sea_P(x_y),1,sudden,RebalanceStream,1.0511270170235794,0.8675682591341873
sea_P(x_y),1,incremental,improved_OOB,1.032652469113306,1.2203190869110476
sea_P(x_y),1,incremental,WEOB1,1.0129577811764316,1.130397099893619
sea_P(x_y),1,incremental,OOB,1.026289346986092,1.1956331906856144
sea_P(x_y),1,incremental,improved_UOB,0.9651798616484314,0.9326836012841339
sea_P(x_y),1,incremental,WEOB2,0.9724065026759772,0.9945331779122409
sea_P(x_y),1,incremental,UOB,0.9496732787688419,0.8846885065611875
sea_P(x_y),1,incremental,CSMOTE,0.9824886482161995,0.901664220548577
sea_P(x_y),1,incremental,RebalanceStream,1.0431121896283215,0.842393964639363
sea_P(x_y),3,incremental,improved_OOB,1.0192182430923105,1.0453125166856723
sea_P(x_y),3,incremental,WEOB1,1.0090456837132689,1.0357385347156678
sea_P(x_y),3,incremental,OOB,1.0059164232366375,1.0367067663121845
sea_P(x_y),3,incremental,improved_UOB,0.9910905326628892,1.0118705343369192
sea_P(x_y),3,incremental,WEOB2,0.9799387769281385,0.9879612353845693
sea_P(x_y),3,incremental,UOB,0.9664117297089363,0.9873172242605002
sea_P(x_y),3,incremental,CSMOTE,1.0023357666480277,1.0234529497987894
sea_P(x_y),3,incremental,RebalanceStream,1.0257062864787643,1.0179144387898245
sea_P(x_y),3,sudden,improved_OOB,1.0120820032464277,1.041921085820773
sea_P(x_y),3,sudden,WEOB1,1.004609455098197,1.034525626288131
sea_P(x_y),3,sudden,OOB,1.004314146276323,1.0444647425207567
sea_P(x_y),3,sudden,improved_UOB,0.9916166199033637,1.0163586022773097
sea_P(x_y),3,sudden,WEOB2,0.9902672034197848,1.0105264738764583
sea_P(x_y),3,sudden,UOB,0.9739635235656823,1.0028916855100458
sea_P(x_y),3,sudden,CSMOTE,1.003316932460479,1.0314477108776197
sea_P(x_y),3,sudden,RebalanceStream,1.02549960599322,0.9888954342606515
sea_P(x_y),2,sudden,improved_OOB,1.0183571087171621,1.068176851381231
sea_P(x_y),2,sudden,WEOB1,1.0053473880476804,1.0491721753588406
sea_P(x_y),2,sudden,OOB,1.0066354596855276,1.059390689321339
sea_P(x_y),2,sudden,improved_UOB,0.989278117435189,1.0180830228492226
sea_P(x_y),2,sudden,WEOB2,0.9791770635430209,0.9852992008720197
sea_P(x_y),2,sudden,UOB,0.9752771892627343,0.9967362768077799
sea_P(x_y),2,sudden,CSMOTE,0.9723695557817218,0.9439216111897588
sea_P(x_y),2,sudden,RebalanceStream,1.0440065465065071,1.0339986240444519
sea_P(x_y),2,incremental,improved_OOB,1.0239906327410713,1.0769979202370263
sea_P(x_y),2,incremental,WEOB1,1.0098059384044793,1.0500881076693105
sea_P(x_y),2,incremental,OOB,1.012458437953193,1.057532861193492
sea_P(x_y),2,incremental,improved_UOB,0.9823417392643988,0.9924248205245687
sea_P(x_y),2,incremental,WEOB2,0.9757025192019556,0.9800179847072735
sea_P(x_y),2,incremental,UOB,0.9647321601928771,0.9628560837645344
sea_P(x_y),2,incremental,CSMOTE,0.9816184684780611,0.9590856135211946
sea_P(x_y),2,incremental,RebalanceStream,1.0382973460853506,1.0531249558403553
sea_P(x_y),4,incremental,improved_OOB,1.016794768234633,1.031301442256383
sea_P(x_y),4,incremental,WEOB1,1.012381224734261,1.0293181259946556
sea_P(x_y),4,incremental,OOB,1.005129079490344,1.0343081288396174
sea_P(x_y),4,incremental,improved_UOB,1.0055581608050077,1.0229234917598942
sea_P(x_y),4,incremental,WEOB2,0.9733237860223471,0.9867297435873387
sea_P(x_y),4,incremental,UOB,0.9687502977991401,1.003756230599971
sea_P(x_y),4,incremental,CSMOTE,1.0139659371782632,1.0290300138441522
sea_P(x_y),4,incremental,RebalanceStream,1.0144426741130823,1.0210790861096377
sea_P(x_y),4,sudden,improved_OOB,1.0132556363320133,1.0303775602868162
sea_P(x_y),4,sudden,WEOB1,1.0091562737261919,1.0286757282773584
sea_P(x_y),4,sudden,OOB,1.010378811914365,1.0429269763417737
sea_P(x_y),4,sudden,improved_UOB,1.000463178143715,1.02088174656921
sea_P(x_y),4,sudden,WEOB2,0.994665447392293,1.0117337746273192
sea_P(x_y),4,sudden,UOB,0.9752430278443188,1.0112782952623154
sea_P(x_y),4,sudden,CSMOTE,1.011520008434814,1.02864718175912
sea_P(x_y),4,sudden,RebalanceStream,1.008484979822543,1.0132432215639
sine_P(y),4,incremental,improved_OOB,1.0096899693625223,1.0240155868136671
sine_P(y),4,incremental,WEOB1,1.0093632596092035,1.0235812394896378
sine_P(y),4,incremental,OOB,1.0088167543281403,1.0228019412028504
sine_P(y),4,incremental,improved_UOB,1.007529877048738,1.0213306260600363
sine_P(y),4,incremental,WEOB2,1.0073418902161966,1.021070775800568
sine_P(y),4,incremental,UOB,1.0088167543281403,1.0228019412028504
sine_P(y),4,incremental,CSMOTE,1.00450350298397,1.018083734640946
sine_P(y),4,incremental,RebalanceStream,1.0049601170283775,1.0185004623798506
sine_P(y),4,sudden,improved_OOB,1.00983205701139,1.0245457924060926
sine_P(y),4,sudden,WEOB1,1.0097541916958253,1.0242199506442256
sine_P(y),4,sudden,OOB,1.0092094634643165,1.023474331103886
sine_P(y),4,sudden,improved_UOB,1.0080008908345695,1.0220012406581227
sine_P(y),4,sudden,WEOB2,1.0074892529190176,1.0215481304423009
sine_P(y),4,sudden,UOB,1.0092094634643165,1.023474331103886
sine_P(y),4,sudden,CSMOTE,1.0050054789726934,1.018843207808191
sine_P(y),4,sudden,RebalanceStream,1.0056838118939373,1.0194239882667255
sine_P(y),3,sudden,improved_OOB,1.0113007619893701,1.027343400345346
sine_P(y),3,sudden,WEOB1,1.0106522238009996,1.0256617811848108
sine_P(y),3,sudden,OOB,1.0101287286633922,1.0258547294742535
sine_P(y),3,sudden,improved_UOB,1.0063880780770402,1.0194394224869205
sine_P(y),3,sudden,WEOB2,1.0055836701208583,1.0179428536391728
sine_P(y),3,sudden,UOB,1.0101287286633922,1.0258547294742535
sine_P(y),3,sudden,CSMOTE,0.9997422340654094,1.0188026248211135
sine_P(y),3,sudden,RebalanceStream,0.9898359973085081,1.0134684194046166
sine_P(y),3,incremental,improved_OOB,1.0083332526452287,1.0254562832934055
sine_P(y),3,incremental,WEOB1,1.0078470584908028,1.0239499939189132
sine_P(y),3,incremental,OOB,1.0075937674221709,1.0241844087775989
sine_P(y),3,incremental,improved_UOB,1.00377813536077,1.0179263189976684
sine_P(y),3,incremental,WEOB2,1.0029602250216476,1.0164538017847062
sine_P(y),3,incremental,UOB,1.0075937674221709,1.0241844087775989
sine_P(y),3,incremental,CSMOTE,1.0035904000849476,1.0199243967995473
sine_P(y),3,incremental,RebalanceStream,1.0036275682831899,1.0186665298751627
sine_P(y),1,sudden,improved_OOB,1.0182643537911116,1.0547096765794897
sine_P(y),1,sudden,WEOB1,1.0183644269499483,1.0516809715207194
sine_P(y),1,sudden,OOB,1.0198267573353448,1.0485118031237504
sine_P(y),1,sudden,improved_UOB,1.002379672232997,0.9972671730268333
sine_P(y),1,sudden,WEOB2,0.9998826503212711,0.9964597059069503
sine_P(y),1,sudden,UOB,1.0108904869324205,1.0183917503006517
sine_P(y),1,sudden,CSMOTE,0.9808267597330922,0.9837657019687721
sine_P(y),1,sudden,RebalanceStream,0.9784638236432542,1.0179849115175108
sine_P(y),1,incremental,improved_OOB,1.013130880805112,1.0521703856934173
sine_P(y),1,incremental,WEOB1,1.0130759140096894,1.0490865730407408
sine_P(y),1,incremental,OOB,1.0148328843977894,1.0463347385056
sine_P(y),1,incremental,improved_UOB,1.0023904376706045,0.9993266237488155
sine_P(y),1,incremental,WEOB2,0.9969859635966384,0.9973373015901545
sine_P(y),1,incremental,UOB,1.006697643201106,1.0192469756951772
sine_P(y),1,incremental,CSMOTE,0.9885498702407536,0.9907162911963022
sine_P(y),1,incremental,RebalanceStream,0.9944991700459171,1.0084635049159365
sine_P(y),2,incremental,improved_OOB,1.0118672753140014,1.0342481582722607
sine_P(y),2,incremental,WEOB1,1.010874394874069,1.030791711365432
sine_P(y),2,incremental,OOB,1.0122318316050742,1.0344377239277576
sine_P(y),2,incremental,improved_UOB,1.0043751054753525,1.0176280564895281
sine_P(y),2,incremental,WEOB2,1.0022367062350344,1.0127840897300653
sine_P(y),2,incremental,UOB,1.004332946353443,1.0160497271168445
sine_P(y),2,incremental,CSMOTE,0.9949689940835924,1.0158820890078357
sine_P(y),2,incremental,RebalanceStream,0.9891142438061962,1.004621925545393
sine_P(y),2,sudden,improved_OOB,1.0129775675882917,1.0344462153137401
sine_P(y),2,sudden,WEOB1,1.0126942450062675,1.0309658912387227
sine_P(y),2,sudden,OOB,1.0137498265832277,1.0347773647507097
sine_P(y),2,sudden,improved_UOB,1.0067397071906525,1.017430702939168
sine_P(y),2,sudden,WEOB2,1.003602080814397,1.0120704872918036
sine_P(y),2,sudden,UOB,1.0062426136073985,1.0157144796232094
sine_P(y),2,sudden,CSMOTE,0.9878037561049184,1.0140301827093803
sine_P(y),2,sudden,RebalanceStream,0.9868440525729797,1.012941063579279
sine_P(y_x),4,incremental,improved_OOB,1.0419067602845422,1.05780887435379
sine_P(y_x),4,incremental,WEOB1,1.041399060591678,1.0583912864845118
sine_P(y_x),4,incremental,OOB,1.03584446314187,1.0560295196321043
sine_P(y_x),4,incremental,improved_UOB,1.0373146205384889,1.0545581728878113
sine_P(y_x),4,incremental,WEOB2,0.7798409956270834,0.8017169792826904
sine_P(y_x),4,incremental,UOB,1.0261776489584142,1.0437225169028503
sine_P(y_x),4,incremental,CSMOTE,1.0267676857457197,1.0369700577396188
sine_P(y_x),4,incremental,RebalanceStream,1.0378880052440425,1.0411531116780937
sine_P(y_x),4,sudden,improved_OOB,1.0331087478706533,1.056784347603335
sine_P(y_x),4,sudden,WEOB1,1.0324943583831663,1.0560183715173999
sine_P(y_x),4,sudden,OOB,1.0297408190700952,1.0514178064887496
sine_P(y_x),4,sudden,improved_UOB,1.025915031169988,1.0466149567193284
sine_P(y_x),4,sudden,WEOB2,0.891551258198817,0.8766435974308964
sine_P(y_x),4,sudden,UOB,1.0297408190700952,1.0514178064887496
sine_P(y_x),4,sudden,CSMOTE,1.0160668174726275,1.031138553088665
sine_P(y_x),4,sudden,RebalanceStream,1.0297758730349722,1.0511023851053156
sine_P(y_x),3,sudden,improved_OOB,1.0301474965641908,1.0701347964010957
sine_P(y_x),3,sudden,WEOB1,1.0274279403269835,1.0641883673990584
sine_P(y_x),3,sudden,OOB,1.0310926463768249,1.0722066044873926
sine_P(y_x),3,sudden,improved_UOB,1.0206304812870663,1.0494408104673494
sine_P(y_x),3,sudden,WEOB2,0.8912479774935601,0.828469043753396
sine_P(y_x),3,sudden,UOB,1.0192783762331166,1.0464565439775413
sine_P(y_x),3,sudden,CSMOTE,1.0058510877717504,1.0176311670848643
sine_P(y_x),3,sudden,RebalanceStream,1.0238983380712432,1.0543362651148966
sine_P(y_x),3,incremental,improved_OOB,1.03925511960121,1.0757394914356808
sine_P(y_x),3,incremental,WEOB1,1.036084857610105,1.072395322516164
sine_P(y_x),3,incremental,OOB,1.0319888103375305,1.0704949106329362
sine_P(y_x),3,incremental,improved_UOB,1.0276171999914054,1.0580829705079926
sine_P(y_x),3,incremental,WEOB2,0.8224666489497349,0.7750918043885144
sine_P(y_x),3,incremental,UOB,1.0203113148183012,1.0465374630102953
sine_P(y_x),3,incremental,CSMOTE,1.0107106310189133,1.0187823154009619
sine_P(y_x),3,incremental,RebalanceStream,1.0340151153336627,1.0508231814902775
sine_P(y_x),1,sudden,improved_OOB,1.0493361831795271,1.223221237372599
sine_P(y_x),1,sudden,WEOB1,1.0483243789393786,1.2138361422401014
sine_P(y_x),1,sudden,OOB,1.049178823298649,1.2210453321832864
sine_P(y_x),1,sudden,improved_UOB,1.0099892809880116,0.971548867482348
sine_P(y_x),1,sudden,WEOB2,0.8384519022076365,0.657625666157364
sine_P(y_x),1,sudden,UOB,0.9844899625488122,0.9243752592765775
sine_P(y_x),1,sudden,CSMOTE,0.9607535617229044,0.8096217404639134
sine_P(y_x),1,sudden,RebalanceStream,1.0424676509009787,1.139785431039254
sine_P(y_x),1,incremental,improved_OOB,1.0594630771382596,1.2127544566131014
sine_P(y_x),1,incremental,WEOB1,1.0497191365035012,1.2002606476012991
sine_P(y_x),1,incremental,OOB,1.0567872203907347,1.2045883148003411
sine_P(y_x),1,incremental,improved_UOB,1.0125905749718382,0.9880966884611102
sine_P(y_x),1,incremental,WEOB2,0.7585843781529057,0.6321390030751408
sine_P(y_x),1,incremental,UOB,0.9970423970502413,0.9576269859222639
sine_P(y_x),1,incremental,CSMOTE,0.9770192702458466,0.8327872172311057
sine_P(y_x),1,incremental,RebalanceStream,1.0569725357909039,1.0521018929829338
sine_P(y_x),2,incremental,improved_OOB,1.0417297980347697,1.1126115962717906
sine_P(y_x),2,incremental,WEOB1,1.0363722870769505,1.103902006765197
sine_P(y_x),2,incremental,OOB,1.0374763378835863,1.109303777282541
sine_P(y_x),2,incremental,improved_UOB,1.0234012725792199,1.0701496648988924
sine_P(y_x),2,incremental,WEOB2,0.8090519587042383,0.6772874389817339
sine_P(y_x),2,incremental,UOB,1.016642399183163,1.0549247232857557
sine_P(y_x),2,incremental,CSMOTE,0.998555017512255,0.987041605849339
sine_P(y_x),2,incremental,RebalanceStream,1.0350610115605332,1.0256348000698516
sine_P(y_x),2,sudden,improved_OOB,1.045289908626617,1.121603405971364
sine_P(y_x),2,sudden,WEOB1,1.0434475574037925,1.1146934358114744
sine_P(y_x),2,sudden,OOB,1.0462425705630087,1.125814040699121
sine_P(y_x),2,sudden,improved_UOB,1.0233572634916916,1.0459201625959635
sine_P(y_x),2,sudden,WEOB2,0.7978959892676852,0.6830641533939423
sine_P(y_x),2,sudden,UOB,1.0156862735979832,1.0251993537859037
sine_P(y_x),2,sudden,CSMOTE,0.9998419740701289,0.9808250184630376
sine_P(y_x),2,sudden,RebalanceStream,1.0381507660457865,1.087896228058381
sine_P(x_y),4,incremental,improved_OOB,1.0109030074370782,1.0271513753720136
sine_P(x_y),4,incremental,WEOB1,1.0101688963563324,1.0261008421040538
sine_P(x_y),4,incremental,OOB,1.0112671262639066,1.0275882813253412
sine_P(x_y),4,incremental,improved_UOB,1.0072683606527064,1.0218693877335174
sine_P(x_y),4,incremental,WEOB2,1.0059171384621928,1.0197950384283385
sine_P(x_y),4,incremental,UOB,1.0112671262639066,1.0275882813253412
sine_P(x_y),4,incremental,CSMOTE,1.0060360109423445,1.0199807027292374
sine_P(x_y),4,incremental,RebalanceStream,1.0027274430058934,1.0150892875495654
sine_P(x_y),4,sudden,improved_OOB,1.0103211319948695,1.026255643997769
sine_P(x_y),4,sudden,WEOB1,1.0094886535707497,1.0250575576460563
sine_P(x_y),4,sudden,OOB,1.0107317400910243,1.0267679464583084
sine_P(x_y),4,sudden,improved_UOB,1.0067473381037928,1.0210707315848673
sine_P(x_y),4,sudden,WEOB2,1.006276958743551,1.0203327575401895
sine_P(x_y),4,sudden,UOB,1.0107317400910243,1.0267679464583084
sine_P(x_y),4,sudden,CSMOTE,1.0056475233842601,1.0194001397361796
sine_P(x_y),4,sudden,RebalanceStream,1.003270131121011,1.015940221477877
sine_P(x_y),3,sudden,improved_OOB,1.008631132591498,1.0301924396403848
sine_P(x_y),3,sudden,WEOB1,1.0083739095960538,1.029650734426602
sine_P(x_y),3,sudden,OOB,1.0080161689638123,1.0289365864862319
sine_P(x_y),3,sudden,improved_UOB,1.0047109229025688,1.021326101361178
sine_P(x_y),3,sudden,WEOB2,1.0037497504103137,1.0190863674602415
sine_P(x_y),3,sudden,UOB,1.0005509604878695,1.0124001027150356
sine_P(x_y),3,sudden,CSMOTE,1.0046762423006903,1.0209603749365592
sine_P(x_y),3,sudden,RebalanceStream,1.0045918295500635,1.0200973871748389
sine_P(x_y),3,incremental,improved_OOB,1.0088695299909491,1.03078248506678
sine_P(x_y),3,incremental,WEOB1,1.0090644740952215,1.0313355813943232
sine_P(x_y),3,incremental,OOB,1.0085202722926896,1.030165063531756
sine_P(x_y),3,incremental,improved_UOB,1.0053178160690628,1.0228193544477395
sine_P(x_y),3,incremental,WEOB2,1.0041054757298238,1.0199603179673187
sine_P(x_y),3,incremental,UOB,1.000621442043793,1.0126411412189809
sine_P(x_y),3,incremental,CSMOTE,1.0056439066762075,1.0232475142414337
sine_P(x_y),3,incremental,RebalanceStream,1.0007717886948375,1.0109790019157712
sine_P(x_y),1,sudden,improved_OOB,1.0082447669639276,1.0839572619424875
sine_P(x_y),1,sudden,WEOB1,1.0076337369614574,1.0783891955074465
sine_P(x_y),1,sudden,OOB,1.0074957418728383,1.077042532510668
sine_P(x_y),1,sudden,improved_UOB,1.001257430505482,1.0216597731164723
sine_P(x_y),1,sudden,WEOB2,0.9960571978353615,0.9795645460614015
sine_P(x_y),1,sudden,UOB,0.997008239982967,0.9877660065892541
sine_P(x_y),1,sudden,CSMOTE,0.9908897308666625,0.9298076050483615
sine_P(x_y),1,sudden,RebalanceStream,1.00541479030636,1.0524136766144876
sine_P(x_y),1,incremental,improved_OOB,1.0073024769203542,1.075243197897309
sine_P(x_y),1,incremental,WEOB1,1.0071358671028727,1.0739905949564936
sine_P(x_y),1,incremental,OOB,1.0065980988643157,1.068855657810144
sine_P(x_y),1,incremental,improved_UOB,1.0020910982083446,1.028757619165401
sine_P(x_y),1,incremental,WEOB2,0.9975079002139398,0.9909660175723158
sine_P(x_y),1,incremental,UOB,0.9979864585421121,0.9956056559829338
sine_P(x_y),1,incremental,CSMOTE,0.9894648828895503,0.9183033256461247
sine_P(x_y),1,incremental,RebalanceStream,1.0045099327889353,1.0444723323211975
sine_P(x_y),2,incremental,improved_OOB,1.0081427172176933,1.0417589600393897
sine_P(x_y),2,incremental,WEOB1,1.0074541623575664,1.039119870838181
sine_P(x_y),2,incremental,OOB,1.0076277762666452,1.0398758566384234
sine_P(x_y),2,incremental,improved_UOB,1.002533602961362,1.0202685229935629
sine_P(x_y),2,incremental,WEOB2,1.0011633948815293,1.0153578270950692
sine_P(x_y),2,incremental,UOB,0.9974303066564559,1.002689525384696
sine_P(x_y),2,incremental,CSMOTE,0.9978630303747631,1.0004496255902842
sine_P(x_y),2,incremental,RebalanceStream,1.0045733975934557,1.0263129704848157
sine_P(x_y),2,sudden,improved_OOB,1.0079317186978531,1.040818570291819
sine_P(x_y),2,sudden,WEOB1,1.0073304257081148,1.0385221250299528
sine_P(x_y),2,sudden,OOB,1.0074753350818937,1.0391456682648905
sine_P(x_y),2,sudden,improved_UOB,1.0019793628270275,1.0179435838814848
sine_P(x_y),2,sudden,WEOB2,1.000781088941083,1.0136475415192352
sine_P(x_y),2,sudden,UOB,0.9974888936660061,1.0025866851150382
sine_P(x_y),2,sudden,CSMOTE,1.0003727132524105,1.010683476059935
sine_P(x_y),2,sudden,RebalanceStream,1.0043805938418935,1.0255317030259288
jitter,1,incremental,improved_OOB,1.0480430158483345,1.2826694777473893
jitter,1,incremental,WEOB1,1.0244734656013608,1.1988960824987942
jitter,1,incremental,CSMOTE,0.9747733319134781,0.9562363148426668
jitter,1,incremental,OOB,1.032425523707413,1.2259357571132066
jitter,1,incremental,improved_UOB,0.9625027061794624,0.987071481649093
jitter,1,incremental,WEOB2,0.9540125807157639,0.9654410640462835
jitter,1,incremental,UOB,0.9648793412018101,0.9871253332950665
jitter,1,incremental,RebalanceStream,1.0824852310442914,0.6341215995354293
jitter,1,sudden,improved_OOB,1.0422234485018769,1.2824601282578978
jitter,1,sudden,WEOB1,1.0313775796045594,1.23679739852306
jitter,1,sudden,CSMOTE,0.9584924626954923,0.8103733936028138
jitter,1,sudden,OOB,1.0315929590045678,1.2489072551691776
jitter,1,sudden,improved_UOB,0.966676659389389,0.9424212630707492
jitter,1,sudden,WEOB2,0.9371031053366854,0.8014419104697876
jitter,1,sudden,UOB,0.958269083974486,0.8838734175683801
jitter,1,sudden,RebalanceStream,1.05935671477724,0.85156051609859
jitter,1,periodic,improved_OOB,1.048366849557494,1.284303104374155
jitter,1,periodic,WEOB1,1.0247900165799795,1.2004230141028227
jitter,1,periodic,CSMOTE,0.9750745261000621,0.957454191413762
jitter,1,periodic,OOB,1.032744531784102,1.227497126842719
jitter,1,periodic,improved_UOB,0.9628001088783067,0.9883286303400987
jitter,1,periodic,WEOB2,0.9543073600596709,0.9666706639207335
jitter,1,periodic,UOB,0.9651774782546102,0.9883825505723169
jitter,1,periodic,RebalanceStream,1.082819707017299,0.6349292260889414
jitter,2,incremental,improved_OOB,1.0390229036860992,1.1203001440070208
jitter,2,incremental,WEOB1,1.0274265982584103,1.0996304710477844
jitter,2,incremental,CSMOTE,0.9803802246264699,0.9765980572950793
jitter,2,incremental,OOB,1.031462601548241,1.1167871050701172
jitter,2,incremental,improved_UOB,0.9439042736684802,0.9454430422329838
jitter,2,incremental,WEOB2,0.9865850251671123,1.0037518203291003
jitter,2,incremental,UOB,0.9578773702452982,0.968714432860384
jitter,2,incremental,RebalanceStream,1.0571583561340565,0.9811165990247369
jitter,2,sudden,improved_OOB,1.029463540404149,1.106628657707642
jitter,2,sudden,WEOB1,1.0222873671116155,1.0901363388187708
jitter,2,sudden,CSMOTE,0.9560907906896401,0.9025398779649544
jitter,2,sudden,OOB,1.0259549873774558,1.1069546908806098
jitter,2,sudden,improved_UOB,0.9852482979717053,1.0023656144357118
jitter,2,sudden,WEOB2,0.9594420018369509,0.9242713112741782
jitter,2,sudden,UOB,0.9709014356581848,0.978184865102873
jitter,2,sudden,RebalanceStream,1.0433926121833252,1.02001093019737
jitter,2,periodic,improved_OOB,1.0390594044141117,1.120442940609033
jitter,2,periodic,WEOB1,1.0274626916098495,1.0997706330352435
jitter,2,periodic,CSMOTE,0.9804146652454411,0.9767225372256224
jitter,2,periodic,OOB,1.0314988366839062,1.1169294538903223
jitter,2,periodic,improved_UOB,0.9439374328924405,0.9455635510578279
jitter,2,periodic,WEOB2,0.986619683759851,1.0038797613545238
jitter,2,periodic,UOB,0.9579110203421698,0.9688379079220204
jitter,2,periodic,RebalanceStream,1.057195493957955,0.9812416549012963
jitter,3,incremental,improved_OOB,1.0259961029744353,1.059087677325423
jitter,3,incremental,WEOB1,1.018888502248362,1.050370874418884
jitter,3,incremental,CSMOTE,0.9780066616320376,0.9798857144774635
jitter,3,incremental,OOB,1.0182554544406268,1.0541387633168922
jitter,3,incremental,improved_UOB,1.003469347274924,1.0293767414400428
jitter,3,incremental,WEOB2,0.987469324784287,1.000211068774377
jitter,3,incremental,UOB,0.9821466921372163,1.008792165899648
jitter,3,incremental,RebalanceStream,1.0254758898478258,1.0126335390506134
jitter,3,sudden,improved_OOB,1.0301475141826397,1.0676711071034743
jitter,3,sudden,WEOB1,1.0227603459734687,1.0574487889304254
jitter,3,sudden,CSMOTE,0.956467576593463,0.9422111790298976
jitter,3,sudden,OOB,1.025309409408303,1.066244236574208
jitter,3,sudden,improved_UOB,1.0042799213178164,1.029616763724162
jitter,3,sudden,WEOB2,0.9600814103409704,0.9522494016772374
jitter,3,sudden,UOB,0.9833676955106387,1.0079935572425252
jitter,3,sudden,RebalanceStream,1.0272869298587863,1.031015997541421
jitter,3,periodic,improved_OOB,1.0260138496181417,1.059089292469299
jitter,3,periodic,WEOB1,1.018906125951974,1.050372476269346
jitter,3,periodic,CSMOTE,0.9780235782028863,0.9798872088357161
jitter,3,periodic,OOB,1.0182730671944176,1.0541403709135098
jitter,3,periodic,improved_UOB,1.003486704273576,1.0293783112737547
jitter,3,periodic,WEOB2,0.9874864050307197,1.0002125941294697
jitter,3,periodic,UOB,0.9821636803181286,1.0087937043411987
jitter,3,periodic,RebalanceStream,1.0254936274934112,1.0126350833503859
jitter,4,incremental,improved_OOB,1.0294534204145906,1.0525354459423286
jitter,4,incremental,WEOB1,1.0214631393209426,1.0450822970155578
jitter,4,incremental,CSMOTE,0.9769643838638521,0.9994767523941946
jitter,4,incremental,OOB,1.0242432745739571,1.0386162880449201
jitter,4,incremental,improved_UOB,0.9908208868800765,1.0139039934093463
jitter,4,incremental,WEOB2,0.9908866094843872,1.0062824335072358
jitter,4,incremental,UOB,1.0242432745739571,1.0386162880449201
jitter,4,incremental,RebalanceStream,1.0041595056405324,1.0106382439518644
jitter,4,sudden,improved_OOB,1.0225418865752696,1.0435403388502626
jitter,4,sudden,WEOB1,1.0187348112739536,1.040398993913857
jitter,4,sudden,CSMOTE,0.961130697518157,0.9734020320771452
jitter,4,sudden,OOB,1.0232767561117482,1.0396952072332704
jitter,4,sudden,improved_UOB,1.0082567773468476,1.029582655908394
jitter,4,sudden,WEOB2,0.9511090932247266,0.9654553018707418
jitter,4,sudden,UOB,1.0232767561117482,1.0396952072332704
jitter,4,sudden,RebalanceStream,1.0210888666644617,1.035005777990179
jitter,4,periodic,improved_OOB,1.029765506810284,1.053197481184645
jitter,4,periodic,WEOB1,1.0217728034040012,1.0457396442948468
jitter,4,periodic,CSMOTE,0.9772605578210556,1.0001054141998487
jitter,4,periodic,OOB,1.0245537814755188,1.0392695682632545
jitter,4,periodic,improved_UOB,0.9911212615383486,1.0145417298186523
jitter,4,periodic,WEOB2,0.9911870040669515,1.006915376024539
jitter,4,periodic,UOB,1.0245537814755188,1.0392695682632545
jitter,4,periodic,RebalanceStream,1.0044639239994422,1.0112739262344026
disappearing-minority,1,incremental,improved_OOB,1.0552623860724055,1.3916750033053606
disappearing-minority,1,incremental,WEOB1,1.0373904884337857,1.2880882548798371
disappearing-minority,1,incremental,CSMOTE,1.0349057468151261,1.1185469348342414
disappearing-minority,1,incremental,OOB,1.0449660472491291,1.3116615231812128
disappearing-minority,1,incremental,improved_UOB,0.9134416012437188,0.9999476987610342
disappearing-minority,1,incremental,WEOB2,0.9047431589204094,1.001076344821219
disappearing-minority,1,incremental,UOB,0.9096947314428413,1.0159247981966841
disappearing-minority,1,incremental,RebalanceStream,1.0729204033942474,0.14299292161416402
disappearing-minority,1,sudden,improved_OOB,1.0584862136441013,1.3849700802818492
disappearing-minority,1,sudden,WEOB1,1.0472740660595756,1.3089966615315367
disappearing-minority,1,sudden,CSMOTE,1.041958062180614,1.130322742904207
disappearing-minority,1,sudden,OOB,1.047687051691201,1.297708262612669
disappearing-minority,1,sudden,improved_UOB,0.8934985656828625,1.0217457773161522
disappearing-minority,1,sudden,WEOB2,0.8914578619275222,1.026146632965012
disappearing-minority,1,sudden,UOB,0.9045001005922336,1.0392954765992073
disappearing-minority,1,sudden,RebalanceStream,1.078475955213123,0.05492100662077972
disappearing-minority,1,periodic,improved_OOB,1.0424650636449284,1.2657576903384757
disappearing-minority,1,periodic,WEOB1,1.0156169087501576,1.1654168881461184
disappearing-minority,1,periodic,CSMOTE,1.0057347418292693,1.0550427916380167
disappearing-minority,1,periodic,OOB,1.0233614040854755,1.1904503064567784
disappearing-minority,1,periodic,improved_UOB,0.9539695493157219,0.9650046635528262
disappearing-minority,1,periodic,WEOB2,0.9482294040899888,0.9387252216003681
disappearing-minority,1,periodic,UOB,0.9585153286552472,0.9690308284003328
disappearing-minority,1,periodic,RebalanceStream,1.0808152631757868,0.6807740462038118
disappearing-minority,2,incremental,improved_OOB,1.040878459907928,1.1234604123928942
disappearing-minority,2,incremental,WEOB1,1.0166057833087498,1.0988593899757797
disappearing-minority,2,incremental,CSMOTE,1.036174771477601,1.0777092372635886
disappearing-minority,2,incremental,OOB,1.037035528928755,1.1232561828622551
disappearing-minority,2,incremental,improved_UOB,0.9455912547973861,1.013522158804524
disappearing-minority,2,incremental,WEOB2,0.9298396309894855,0.9987760171169989
disappearing-minority,2,incremental,UOB,0.9162763331999417,0.9817215864838493
disappearing-minority,2,incremental,RebalanceStream,1.0565068971693972,0.9011261282200135
disappearing-minority,2,sudden,improved_OOB,1.040863025469036,1.120262133287943
disappearing-minority,2,sudden,WEOB1,1.0337357290297522,1.1028681848439255
disappearing-minority,2,sudden,CSMOTE,1.0393374329449134,1.0957260799627528
disappearing-minority,2,sudden,OOB,1.037330888139665,1.122495925901158
disappearing-minority,2,sudden,improved_UOB,0.9283986513010066,1.014329473497994
disappearing-minority,2,sudden,WEOB2,0.9188288921718885,1.00404969333907
disappearing-minority,2,sudden,UOB,0.9112384013002405,0.9861651641815607
disappearing-minority,2,sudden,RebalanceStream,1.0577111548068798,0.8861770225969403
disappearing-minority,2,periodic,improved_OOB,1.0225121880152062,1.1125543693980946
disappearing-minority,2,periodic,WEOB1,1.0133071645670577,1.0971457962379507
disappearing-minority,2,periodic,CSMOTE,1.0027793868605697,1.0560703391524375
disappearing-minority,2,periodic,OOB,1.0177838935591144,1.1117775333598698
disappearing-minority,2,periodic,improved_UOB,0.987866345667499,1.0478090690400998
disappearing-minority,2,periodic,WEOB2,0.9822750730905883,1.0300424719509977
disappearing-minority,2,periodic,UOB,0.9716916752491134,1.0204200770296281
disappearing-minority,2,periodic,RebalanceStream,1.030867557474645,0.7271328835842475
disappearing-minority,3,incremental,improved_OOB,1.0364505898991223,1.0821669173953177
disappearing-minority,3,incremental,WEOB1,1.0275034327132015,1.069640590525557
disappearing-minority,3,incremental,CSMOTE,1.0302192082155652,1.0551696992909196
disappearing-minority,3,incremental,OOB,1.0314529618319979,1.077451527293955
disappearing-minority,3,incremental,improved_UOB,0.9515481189625837,1.0369615386775515
disappearing-minority,3,incremental,WEOB2,0.9510850335067319,1.0210885220939163
disappearing-minority,3,incremental,UOB,0.9329267966645409,1.0040304813315222
disappearing-minority,3,incremental,RebalanceStream,1.0399381498670046,0.9952919012960258
disappearing-minority,3,sudden,improved_OOB,1.0411912100415777,1.0811327901563876
disappearing-minority,3,sudden,WEOB1,1.0348616265733248,1.0676097127861257
disappearing-minority,3,sudden,CSMOTE,1.0365345647217277,1.0661567710154005
disappearing-minority,3,sudden,OOB,1.0359981427466844,1.0750954580269445
disappearing-minority,3,sudden,improved_UOB,0.9417446774904698,1.0372246755264738
disappearing-minority,3,sudden,WEOB2,0.9330459812649894,1.0188683720653475
disappearing-minority,3,sudden,UOB,0.9191951079460832,1.0019011755704976
disappearing-minority,3,sudden,RebalanceStream,1.0455305215242376,1.0147224218876025
disappearing-minority,3,periodic,improved_OOB,1.0235191679041158,1.0644742934928286
disappearing-minority,3,periodic,WEOB1,1.0185468677717804,1.0625011324151439
disappearing-minority,3,periodic,CSMOTE,1.009348270333132,1.039295767259449
disappearing-minority,3,periodic,OOB,1.0132450440767236,1.0556476129530072
disappearing-minority,3,periodic,improved_UOB,1.003841220742792,1.0430060917494652
disappearing-minority,3,periodic,WEOB2,0.9959442970356057,1.030606546826592
disappearing-minority,3,periodic,UOB,0.9827088392404653,1.0214757160742836
disappearing-minority,3,periodic,RebalanceStream,1.004350533247853,0.9085826564305223
disappearing-minority,4,incremental,improved_OOB,1.0240850005347786,1.0631703744831655
disappearing-minority,4,incremental,WEOB1,1.0160121950425431,1.056110253168528
disappearing-minority,4,incremental,CSMOTE,1.020642691945283,1.0436361811433803
disappearing-minority,4,incremental,OOB,1.0257816294900794,1.058678375797182
disappearing-minority,4,incremental,improved_UOB,0.9425528486249941,1.0353595488322551
disappearing-minority,4,incremental,WEOB2,0.9535488277386315,1.0231100758374032
disappearing-minority,4,incremental,UOB,1.0260683698956383,1.059667675323616
disappearing-minority,4,incremental,RebalanceStream,1.02125234393494,1.0042301888261052
disappearing-minority,4,sudden,improved_OOB,1.0270630980871125,1.059649655662288
disappearing-minority,4,sudden,WEOB1,1.023264946075159,1.05510992942878
disappearing-minority,4,sudden,CSMOTE,1.0288865472320283,1.061156835002169
disappearing-minority,4,sudden,OOB,1.02730540430323,1.0504288366780747
disappearing-minority,4,sudden,improved_UOB,0.9346016959734097,1.0374204891963537
disappearing-minority,4,sudden,WEOB2,0.9230931118016416,1.0215599544590555
disappearing-minority,4,sudden,UOB,1.02730540430323,1.0504288366780747
disappearing-minority,4,sudden,RebalanceStream,1.0286190087074323,1.037470938675986
disappearing-minority,4,periodic,improved_OOB,1.0189562070013307,1.0412554586502096
disappearing-minority,4,periodic,WEOB1,1.01829693687303,1.0426048426993115
disappearing-minority,4,periodic,CSMOTE,1.0168725318546392,1.029773675998412
disappearing-minority,4,periodic,OOB,1.0186002572332131,1.0387462439810666
disappearing-minority,4,periodic,improved_UOB,1.0084011948396336,1.0321961355434939
disappearing-minority,4,periodic,WEOB2,0.9991682699891904,1.0227735408240834
disappearing-minority,4,periodic,UOB,0.9988572878747751,1.0186759486442745
disappearing-minority,4,periodic,RebalanceStream,0.9957225048683966,1.0009210075867245
appearing-minority,1,incremental,improved_OOB,1.0176452673934204,1.4161438541886748
appearing-minority,1,incremental,WEOB1,1.0055460544107078,1.2916331887959556
appearing-minority,1,incremental,CSMOTE,0.9927297942125763,1.1016204225788633
appearing-minority,1,incremental,OOB,1.0107557194772323,1.3729372580466548
appearing-minority,1,incremental,improved_UOB,0.9598358300866673,0.9118722069236646
appearing-minority,1,incremental,WEOB2,0.9645572192111601,0.9169293183779816
appearing-minority,1,incremental,UOB,0.9900422351055563,1.204495854454702
appearing-minority,1,incremental,RebalanceStream,1.0313294040318741,0.7843678966335033
appearing-minority,1,sudden,improved_OOB,1.0167090893348896,1.467926524308574
appearing-minority,1,sudden,WEOB1,1.0085147181076801,1.3992776265672757
appearing-minority,1,sudden,CSMOTE,0.9869536622570287,1.1338779935314207
appearing-minority,1,sudden,OOB,1.0138521649349692,1.4629016659436227
appearing-minority,1,sudden,improved_UOB,0.9703881437268138,1.0738922056867901
appearing-minority,1,sudden,WEOB2,0.9729843506720864,1.0729061360434848
appearing-minority,1,sudden,UOB,0.9665801620853995,1.033115947787169
appearing-minority,1,sudden,RebalanceStream,1.0327891897312786,0.3561019001316632
appearing-minority,1,periodic,improved_OOB,1.0262318174980463,1.563025207786132
appearing-minority,1,periodic,WEOB1,1.022436135306954,1.3479825440572588
appearing-minority,1,periodic,CSMOTE,1.0231949522016672,0.9862977118193844
appearing-minority,1,periodic,OOB,1.0263156534388296,1.4368275954081535
appearing-minority,1,periodic,improved_UOB,0.9392979018806423,0.7207001049463692
appearing-minority,1,periodic,WEOB2,0.9397807534629681,0.7203174331025723
appearing-minority,1,periodic,UOB,0.9699615211271551,0.8672434425767526
appearing-minority,1,periodic,RebalanceStream,1.026549604465217,1.3576059603033772
appearing-minority,2,incremental,improved_OOB,1.018768366610171,1.3003166948992346
appearing-minority,2,incremental,WEOB1,1.00835979481942,1.2377912522551164
appearing-minority,2,incremental,CSMOTE,1.001849391563154,1.1732454850333793
appearing-minority,2,incremental,OOB,1.0158081858290111,1.2881903977018203
appearing-minority,2,incremental,improved_UOB,0.9701776441837172,1.0341006233633891
appearing-minority,2,incremental,WEOB2,0.9611906027955026,1.00404719262044
appearing-minority,2,incremental,UOB,1.0070020770137933,1.2001286335473003
appearing-minority,2,incremental,RebalanceStream,1.0096621036281335,0.7621797205793187
appearing-minority,2,sudden,improved_OOB,1.016808048694271,1.2611774334207853
appearing-minority,2,sudden,WEOB1,1.0096629117302836,1.228982378801713
appearing-minority,2,sudden,CSMOTE,0.9988339027106825,1.1459239378509256
appearing-minority,2,sudden,OOB,1.0114214771339158,1.2406365400511097
appearing-minority,2,sudden,improved_UOB,0.9801975082484075,1.0887774136004535
appearing-minority,2,sudden,WEOB2,0.9733320926532512,1.061202812635457
appearing-minority,2,sudden,UOB,0.9835662175059336,1.0992627640278236
appearing-minority,2,sudden,RebalanceStream,1.0149827706107668,0.8740367196117333
appearing-minority,2,periodic,improved_OOB,1.0354355300089693,1.4042157434467888
appearing-minority,2,periodic,WEOB1,1.0296307870583548,1.2454910089952558
appearing-minority,2,periodic,CSMOTE,1.0332128411396806,1.1177236308317335
appearing-minority,2,periodic,OOB,1.0348316039325698,1.3613080879054593
appearing-minority,2,periodic,improved_UOB,0.9221178675202075,0.8624228629600232
appearing-minority,2,periodic,WEOB2,0.9263355935738948,0.875049475391728
appearing-minority,2,periodic,UOB,0.9490450446942581,0.939086070143475
appearing-minority,2,periodic,RebalanceStream,1.03558109471327,1.1947031203255376
appearing-minority,3,incremental,improved_OOB,1.0181345431405042,1.2050723543952004
appearing-minority,3,incremental,WEOB1,1.0086354062913694,1.1533696522296328
appearing-minority,3,incremental,CSMOTE,1.0067895664869786,1.1296288622701547
appearing-minority,3,incremental,OOB,1.017843959255985,1.2119129895517051
appearing-minority,3,incremental,improved_UOB,0.9898293680621382,1.0863932760519228
appearing-minority,3,incremental,WEOB2,0.9774967297510425,1.0544595416951865
appearing-minority,3,incremental,UOB,0.9985967773581822,1.1123906973878415
appearing-minority,3,incremental,RebalanceStream,1.0037020384422664,1.046772626418357
appearing-minority,3,sudden,improved_OOB,1.0181869095891738,1.1828267557990804
appearing-minority,3,sudden,WEOB1,1.0126553297347491,1.1697062232722293
appearing-minority,3,sudden,CSMOTE,1.0124537548916035,1.1597498422589148
appearing-minority,3,sudden,OOB,1.009957991024845,1.164300957608887
appearing-minority,3,sudden,improved_UOB,0.9879349403069261,1.091986587976116
appearing-minority,3,sudden,WEOB2,0.9820336649660416,1.0728725707415936
appearing-minority,3,sudden,UOB,0.9918531851664466,1.1052360905663374
appearing-minority,3,sudden,RebalanceStream,1.0046377156354944,1.0533209717768417
appearing-minority,3,periodic,improved_OOB,1.0316271275186648,1.3126734345378244
appearing-minority,3,periodic,WEOB1,1.0232545184850268,1.1902540552986385
appearing-minority,3,periodic,CSMOTE,1.0252659786211713,1.1158478376806278
appearing-minority,3,periodic,OOB,1.0317952785996014,1.3041914066496703
appearing-minority,3,periodic,improved_UOB,0.9292346265756757,0.9789109088061795
appearing-minority,3,periodic,WEOB2,0.9506679067484323,0.9866826946212958
appearing-minority,3,periodic,UOB,0.9492739442427836,1.0686709459210393
appearing-minority,3,periodic,RebalanceStream,1.0291531645451575,1.042768716484723
appearing-minority,4,incremental,improved_OOB,1.0191884940296245,1.1783602232412298
appearing-minority,4,incremental,WEOB1,1.0129370708328054,1.1526679016699366
appearing-minority,4,incremental,CSMOTE,0.9975728426134094,1.1050957033879292
appearing-minority,4,incremental,OOB,1.017748536510064,1.175684754693278
appearing-minority,4,incremental,improved_UOB,0.9993209109500111,1.0923098010473147
appearing-minority,4,incremental,WEOB2,0.9939277078088361,1.0835417848444886
appearing-minority,4,incremental,UOB,1.005688176626274,1.114200814912919
appearing-minority,4,incremental,RebalanceStream,1.0102658001668448,1.0981390162029039
appearing-minority,4,sudden,improved_OOB,1.0218938031503015,1.161763175976384
appearing-minority,4,sudden,WEOB1,1.0167512067485527,1.1528905909965865
appearing-minority,4,sudden,CSMOTE,1.0135829983941,1.1346384389680946
appearing-minority,4,sudden,OOB,1.016399394327735,1.152950784906832
appearing-minority,4,sudden,improved_UOB,0.995450252817321,1.1053076082834847
appearing-minority,4,sudden,WEOB2,0.987107330479859,1.0877785405629923
appearing-minority,4,sudden,UOB,0.9983511478613384,1.114467499017051
appearing-minority,4,sudden,RebalanceStream,1.0022231990849328,1.0902033612885749
appearing-minority,4,periodic,improved_OOB,1.0350766566842835,1.2962029248417117
appearing-minority,4,periodic,WEOB1,1.0288470155533023,1.2012156813868948
appearing-minority,4,periodic,CSMOTE,1.0315150582736188,1.1424413134837117
appearing-minority,4,periodic,OOB,1.0319253467923781,1.2483266452042705
appearing-minority,4,periodic,improved_UOB,0.937149949787137,1.066822893220755
appearing-minority,4,periodic,WEOB2,0.934239010886387,1.0552969514252446
appearing-minority,4,periodic,UOB,0.9396786210173121,1.0768503928629856
appearing-minority,4,periodic,RebalanceStream,1.030998225034521,0.912843197574426
appearing-clusters,1,incremental,improved_OOB,1.0117887420289855,1.085286737538923
appearing-clusters,1,incremental,WEOB1,1.006271504348461,1.0638168266780388
appearing-clusters,1,incremental,CSMOTE,1.0189210597370872,1.0819561220455227
appearing-clusters,1,incremental,OOB,1.0133540600849336,1.0986037351935263
appearing-clusters,1,incremental,improved_UOB,0.9940510637860714,0.9993368870386419
appearing-clusters,1,incremental,WEOB2,0.9933504006123312,0.9755925018779283
appearing-clusters,1,incremental,UOB,0.9948531670129527,0.9994293802519596
appearing-clusters,1,incremental,RebalanceStream,1.0373510073997134,1.0917853712668826
appearing-clusters,1,sudden,improved_OOB,1.0153814976914854,1.1057608626478268
appearing-clusters,1,sudden,WEOB1,1.0071165642244058,1.06805355689991
appearing-clusters,1,sudden,CSMOTE,1.0228195864810594,1.1015507487349663
appearing-clusters,1,sudden,OOB,1.008411945851934,1.0782067645774913
appearing-clusters,1,sudden,improved_UOB,0.9939194102243094,0.9984449995953766
appearing-clusters,1,sudden,WEOB2,0.9930264923637857,0.9629921610226752
appearing-clusters,1,sudden,UOB,0.9890740607577686,0.9802401655652191
appearing-clusters,1,sudden,RebalanceStream,1.0387785772400355,1.1002918897252902
appearing-clusters,1,periodic,improved_OOB,1.0149184340868629,1.1039731224543985
appearing-clusters,1,periodic,WEOB1,1.0101640489249706,1.0748378480514083
appearing-clusters,1,periodic,CSMOTE,1.0147405314070421,1.0888822161136242
appearing-clusters,1,periodic,OOB,1.0137377801834548,1.0967761331320456
appearing-clusters,1,periodic,improved_UOB,0.999654595087826,1.0138488535782266
appearing-clusters,1,periodic,WEOB2,0.9947691820310256,0.9859475644583405
appearing-clusters,1,periodic,UOB,0.9993852229162035,1.0108648843628898
appearing-clusters,1,periodic,RebalanceStream,1.0215463961177438,1.0373551583605929
appearing-clusters,2,incremental,improved_OOB,1.0146348530881129,1.0593906724398998
appearing-clusters,2,incremental,WEOB1,1.0106299295974928,1.0500075602732906
appearing-clusters,2,incremental,CSMOTE,1.0219219641482207,1.0550035110683313
appearing-clusters,2,incremental,OOB,1.0127133387926772,1.0586451780046717
appearing-clusters,2,incremental,improved_UOB,1.0005263929767816,1.023962153956671
appearing-clusters,2,incremental,WEOB2,0.9993175303505808,1.013653793938983
appearing-clusters,2,incremental,UOB,0.9971562080591841,1.0135265279843968
appearing-clusters,2,incremental,RebalanceStream,1.0247766168434882,1.0457076212845338
appearing-clusters,2,sudden,improved_OOB,1.0136030826393723,1.0591010431697456
appearing-clusters,2,sudden,WEOB1,1.0114109880690798,1.0542759722344988
appearing-clusters,2,sudden,CSMOTE,1.020099842207508,1.049779670144547
appearing-clusters,2,sudden,OOB,1.01150058330265,1.0583094108018667
appearing-clusters,2,sudden,improved_UOB,1.004069150018415,1.0327103764247212
appearing-clusters,2,sudden,WEOB2,0.9982354623980949,1.0134854858472884
appearing-clusters,2,sudden,UOB,0.9975582212310464,1.0154021325672957
appearing-clusters,2,sudden,RebalanceStream,1.023824236608288,1.0320706840041514
appearing-clusters,2,periodic,improved_OOB,1.0143966195925835,1.054387200649825
appearing-clusters,2,periodic,WEOB1,1.0121843280716232,1.0474369106060155
appearing-clusters,2,periodic,CSMOTE,1.013257075073375,1.0488035636402486
appearing-clusters,2,periodic,OOB,1.0148321353817364,1.0555548833326074
appearing-clusters,2,periodic,improved_UOB,1.007604674493122,1.0334779431028094
appearing-clusters,2,periodic,WEOB2,1.002611358522429,1.0188363172065094
appearing-clusters,2,periodic,UOB,1.0038752976892649,1.0223788736347326
appearing-clusters,2,periodic,RebalanceStream,1.0135704815861841,1.0380596531783313
appearing-clusters,3,incremental,improved_OOB,1.015143736618967,1.042607785290533
appearing-clusters,3,incremental,WEOB1,1.0127180540655953,1.0389573418222648
appearing-clusters,3,incremental,CSMOTE,1.0182356628650047,1.0341341523930694
appearing-clusters,3,incremental,OOB,1.0156663624057138,1.0453329423322262
appearing-clusters,3,incremental,improved_UOB,1.0067577954036264,1.0286439846326558
appearing-clusters,3,incremental,WEOB2,1.0081840448966148,1.0287721038098787
appearing-clusters,3,incremental,UOB,1.009738015810957,1.0349188577619035
appearing-clusters,3,incremental,RebalanceStream,1.016290746266967,1.0294276806276488
appearing-clusters,3,sudden,improved_OOB,1.013509841925828,1.0407510476626147
appearing-clusters,3,sudden,WEOB1,1.0110636555509893,1.0369962224964742
appearing-clusters,3,sudden,CSMOTE,1.0176545690771541,1.0339957240758049
appearing-clusters,3,sudden,OOB,1.015425709722033,1.0446993092118724
appearing-clusters,3,sudden,improved_UOB,1.0068665869465634,1.0292824708869612
appearing-clusters,3,sudden,WEOB2,1.0059137235470441,1.025332910808936
appearing-clusters,3,sudden,UOB,1.0138100737440419,1.0399010743858064
appearing-clusters,3,sudden,RebalanceStream,1.0163926300865607,1.0318323266496245
appearing-clusters,3,periodic,improved_OOB,1.0136085743174634,1.0367405299058454
appearing-clusters,3,periodic,WEOB1,1.0115831201310246,1.0330471729873096
appearing-clusters,3,periodic,CSMOTE,1.0147081514755085,1.0376057562417669
appearing-clusters,3,periodic,OOB,1.0155384603962683,1.0396717083571645
appearing-clusters,3,periodic,improved_UOB,1.0086437930942649,1.02753293461628
appearing-clusters,3,periodic,WEOB2,1.0075451432198141,1.0255384189301706
appearing-clusters,3,periodic,UOB,1.0155384603962683,1.0396717083571645
appearing-clusters,3,periodic,RebalanceStream,1.0112872992544093,1.0302924454657096
appearing-clusters,4,incremental,improved_OOB,1.0150293965201862,1.033117487013382
appearing-clusters,4,incremental,WEOB1,1.0137224329448025,1.031529481628844
appearing-clusters,4,incremental,CSMOTE,1.012942863431713,1.0234146957744568
appearing-clusters,4,incremental,OOB,1.0181759149362544,1.0368989316611075
appearing-clusters,4,incremental,improved_UOB,1.0116990528862437,1.0289229032169924
appearing-clusters,4,incremental,WEOB2,1.0115255333005115,1.0272283014499672
appearing-clusters,4,incremental,UOB,1.0197660623068947,1.035154886847339
appearing-clusters,4,incremental,RebalanceStream,1.0172382030105267,1.0316980641485853
appearing-clusters,4,sudden,improved_OOB,1.0154794506887916,1.0336241348104327
appearing-clusters,4,sudden,WEOB1,1.01445110848683,1.032534212778665
appearing-clusters,4,sudden,CSMOTE,1.0153619254322745,1.0253253734136807
appearing-clusters,4,sudden,OOB,1.0188610194443675,1.0382688970228091
appearing-clusters,4,sudden,improved_UOB,1.0120973604748165,1.029569856839517
appearing-clusters,4,sudden,WEOB2,1.011740036867274,1.0278819581473866
appearing-clusters,4,sudden,UOB,1.0206297941298632,1.036537249780833
appearing-clusters,4,sudden,RebalanceStream,1.0122359915055055,1.025606132586535
appearing-clusters,4,periodic,improved_OOB,1.0142320538911618,1.0295813917892833
appearing-clusters,4,periodic,WEOB1,1.0135798735434054,1.028716731332574
appearing-clusters,4,periodic,CSMOTE,1.0152684281312323,1.0305244448022566
appearing-clusters,4,periodic,OOB,1.016741206015594,1.0324096222959016
appearing-clusters,4,periodic,improved_UOB,1.012956942308255,1.0279071448507227
appearing-clusters,4,periodic,WEOB2,1.011232471838745,1.0258514271015242
appearing-clusters,4,periodic,UOB,1.0166360312368714,1.0321971192687098
appearing-clusters,4,periodic,RebalanceStream,1.0150491239594868,1.0301648414451523
shapeshift,1,incremental,improved_OOB,1.04667400378961,1.2711513977661517
shapeshift,1,incremental,WEOB1,1.017916032028787,1.165942044983628
shapeshift,1,incremental,CSMOTE,0.9791358591605029,0.972627216695953
shapeshift,1,incremental,OOB,1.03491140679531,1.2338452076637096
shapeshift,1,incremental,improved_UOB,0.953205166012933,0.9594564923316302
shapeshift,1,incremental,WEOB2,0.9470546447920692,0.9422763289339735
shapeshift,1,incremental,UOB,0.964872537422525,0.9852507161561119
shapeshift,1,incremental,RebalanceStream,1.0856102957552825,0.6808916023278618
shapeshift,1,sudden,improved_OOB,1.0473600936057814,1.2740765246464445
shapeshift,1,sudden,WEOB1,1.021448000406745,1.1788690985666344
shapeshift,1,sudden,CSMOTE,0.9821123928435872,0.9789170686490318
shapeshift,1,sudden,OOB,1.034165548689073,1.2312316500988858
shapeshift,1,sudden,improved_UOB,0.9543868444322092,0.9645062183721492
shapeshift,1,sudden,WEOB2,0.9405614545502863,0.9254992207725297
shapeshift,1,sudden,UOB,0.959211689225726,0.9690522864226772
shapeshift,1,sudden,RebalanceStream,1.0866701525075413,0.6833416350395031
shapeshift,1,periodic,improved_OOB,1.0400968713690717,1.2445498378280162
shapeshift,1,periodic,WEOB1,1.0191330915141643,1.1718794777053405
shapeshift,1,periodic,CSMOTE,0.9985558687279097,1.0398607876094266
shapeshift,1,periodic,OOB,1.0261369248070644,1.1989266841823525
shapeshift,1,periodic,improved_UOB,0.960574374195678,0.977806840723407
shapeshift,1,periodic,WEOB2,0.9489341926421385,0.9430663925864456
shapeshift,1,periodic,UOB,0.9610920812860294,0.9757308074319827
shapeshift,1,periodic,RebalanceStream,1.0819502259510878,0.6884264761829973
shapeshift,2,incremental,improved_OOB,1.0243559300679306,1.0888206457628253
shapeshift,2,incremental,WEOB1,1.0129024329379057,1.0673488956852035
shapeshift,2,incremental,CSMOTE,1.0043337105580483,1.0331039246437506
shapeshift,2,incremental,OOB,1.0169571406198703,1.0832121035958342
shapeshift,2,incremental,improved_UOB,0.983019117929841,1.0097715515796264
shapeshift,2,incremental,WEOB2,0.9758984036053509,0.9920431637978527
shapeshift,2,incremental,UOB,0.965390106611586,0.9839705323301613
shapeshift,2,incremental,RebalanceStream,1.0486868818759425,0.9521922187233535
shapeshift,2,sudden,improved_OOB,1.0238469976202975,1.0893300884353065
shapeshift,2,sudden,WEOB1,1.0129896437447814,1.0686088756260406
shapeshift,2,sudden,CSMOTE,1.0051914322163429,1.0349155295081516
shapeshift,2,sudden,OOB,1.0158943888133152,1.0834740304856916
shapeshift,2,sudden,improved_UOB,0.9827273485151551,1.0099605446905047
shapeshift,2,sudden,WEOB2,0.9751744881156411,0.9905574202125842
shapeshift,2,sudden,UOB,0.9659347574957099,0.9860604098586528
shapeshift,2,sudden,RebalanceStream,1.04875631736853,0.9521034695468259
shapeshift,2,periodic,improved_OOB,1.0234377925386962,1.0849320510815332
shapeshift,2,periodic,WEOB1,1.013977046498664,1.0693078649114847
shapeshift,2,periodic,CSMOTE,0.9912087968456591,1.0126846075448515
shapeshift,2,periodic,OOB,1.0179211639465953,1.0853817685689917
shapeshift,2,periodic,improved_UOB,0.9857410563197714,1.014517896200419
shapeshift,2,periodic,WEOB2,0.9826288986269641,1.0048517227660632
shapeshift,2,periodic,UOB,0.9726682201914146,0.9968343402545281
shapeshift,2,periodic,RebalanceStream,1.0526839868965086,0.9699548606173211
shapeshift,3,incremental,improved_OOB,1.0213547712358058,1.0513651322134194
shapeshift,3,incremental,WEOB1,1.0142811456329424,1.0426842696386485
shapeshift,3,incremental,CSMOTE,1.0010089851019877,1.0177898271499035
shapeshift,3,incremental,OOB,1.0136901398984486,1.04788565953348
shapeshift,3,incremental,improved_UOB,0.9990404486237702,1.023054422221533
shapeshift,3,incremental,WEOB2,0.99159452516099,1.0134605815456652
shapeshift,3,incremental,UOB,0.9795160734862499,1.0071700995769148
shapeshift,3,incremental,RebalanceStream,1.0281942810047124,1.0059128961625052
shapeshift,3,sudden,improved_OOB,1.0230180204787815,1.052491094320093
shapeshift,3,sudden,WEOB1,1.0148403743177985,1.042961378851673
shapeshift,3,sudden,CSMOTE,1.0018588227932521,1.0179927465626766
shapeshift,3,sudden,OOB,1.0128740704022492,1.0470751140995471
shapeshift,3,sudden,improved_UOB,0.998683258757159,1.0221881453934496
shapeshift,3,sudden,WEOB2,0.9950241795520801,1.0190872736990368
shapeshift,3,sudden,UOB,0.9772595107444412,1.0041126311097703
shapeshift,3,sudden,RebalanceStream,1.0257279314953713,1.0072218656440461
shapeshift,3,periodic,improved_OOB,1.0236583639994785,1.0545228567598153
shapeshift,3,periodic,WEOB1,1.0162865628480775,1.045773610564799
shapeshift,3,periodic,CSMOTE,0.9968237252901911,1.016789791585928
shapeshift,3,periodic,OOB,1.0112191081109223,1.045369701824236
shapeshift,3,periodic,improved_UOB,0.9980707588812319,1.0220985017221798
shapeshift,3,periodic,WEOB2,0.9969770610802309,1.018789674265824
shapeshift,3,periodic,UOB,0.9767496248755976,1.0036066365326544
shapeshift,3,periodic,RebalanceStream,1.0365364560933923,1.0236639250789759
shapeshift,4,incremental,improved_OOB,1.017729207950917,1.0385108770875522
shapeshift,4,incremental,WEOB1,1.0134538277329501,1.0352453920456668
shapeshift,4,incremental,CSMOTE,0.992561494154789,1.0121253083687998
shapeshift,4,incremental,OOB,1.0186822839213565,1.0310769726138085
shapeshift,4,incremental,improved_UOB,1.0026234669210559,1.0244974497416885
shapeshift,4,incremental,WEOB2,0.9941635105508404,1.0161679131535664
shapeshift,4,incremental,UOB,1.0186822839213565,1.0310769726138085
shapeshift,4,incremental,RebalanceStream,1.0134420841723457,1.0207669175416363
shapeshift,4,sudden,improved_OOB,1.0173793111065836,1.037473860980283
shapeshift,4,sudden,WEOB1,1.0140578724721674,1.0355465693374435
shapeshift,4,sudden,CSMOTE,0.9878911681960936,1.0105941546441781
shapeshift,4,sudden,OOB,1.0191805268821812,1.0320713746956112
shapeshift,4,sudden,improved_UOB,1.0047112084302525,1.026678703961986
shapeshift,4,sudden,WEOB2,0.9957851109452542,1.0185233690752378
shapeshift,4,sudden,UOB,1.0191805268821812,1.0320713746956112
shapeshift,4,sudden,RebalanceStream,1.0119290818600688,1.01713545198967
shapeshift,4,periodic,improved_OOB,1.0194384086656223,1.0416909409340955
shapeshift,4,periodic,WEOB1,1.0141428941255335,1.0375852420505707
shapeshift,4,periodic,CSMOTE,0.9939977102211913,1.014880997166413
shapeshift,4,periodic,OOB,1.017903366147414,1.031242720859027
shapeshift,4,periodic,improved_UOB,1.0001897475052124,1.023945481645407
shapeshift,4,periodic,WEOB2,0.9965856835808937,1.0173161556775274
shapeshift,4,periodic,UOB,1.017903366147414,1.031242720859027
shapeshift,4,periodic,RebalanceStream,1.0203152118822891,1.0283937864534445
minority-share,1,incremental,improved_OOB,1.0425719128244755,1.3383943400509721
minority-share,1,incremental,WEOB1,1.0203976800200174,1.251421117597541
minority-share,1,incremental,CSMOTE,0.9966148325482304,1.0275345438530952
minority-share,1,incremental,OOB,1.0280117833164708,1.2792658192702426
minority-share,1,incremental,improved_UOB,0.9550036990093324,1.0143609946498933
minority-share,1,incremental,WEOB2,0.9467541698323313,0.9846270951665909
minority-share,1,incremental,UOB,0.9626632419620289,1.0277693197772466
minority-share,1,incremental,RebalanceStream,1.0754789236240176,0.26573604631835934
minority-share,1,sudden,improved_OOB,1.0397142217218038,1.2557839990100297
minority-share,1,sudden,WEOB1,1.0207618868594215,1.1870411069049687
minority-share,1,sudden,CSMOTE,1.0015804259321053,1.051501198699853
minority-share,1,sudden,OOB,1.0268301385925578,1.2103142188168725
minority-share,1,sudden,improved_UOB,0.9543545365560006,0.9583886381836696
minority-share,1,sudden,WEOB2,0.9444839931495774,0.9265670349646598
minority-share,1,sudden,UOB,0.9605707467140043,0.9671393512914696
minority-share,1,sudden,RebalanceStream,1.0801275449991858,0.6760374987476618
minority-share,1,periodic,improved_OOB,1.0448339803283422,1.3967947130146408
minority-share,1,periodic,WEOB1,1.0166230905619458,1.3052177501690923
minority-share,1,periodic,CSMOTE,1.0356544030501376,1.1219502872750382
minority-share,1,periodic,OOB,1.0335272922724195,1.3106974684347577
minority-share,1,periodic,improved_UOB,0.9248601268940996,1.0086451594061119
minority-share,1,periodic,WEOB2,0.9159221422336484,1.01123917487941
minority-share,1,periodic,UOB,0.9327564358852601,1.0293323224112232
minority-share,1,periodic,RebalanceStream,1.0696495120651832,0.08492176595911605
minority-share,2,incremental,improved_OOB,1.0203604571106437,1.135316813923844
minority-share,2,incremental,WEOB1,1.0120452725293714,1.1239730079791026
minority-share,2,incremental,CSMOTE,1.0074924573941586,1.0688050204547284
minority-share,2,incremental,OOB,1.014194442174663,1.1325394752933178
minority-share,2,incremental,improved_UOB,0.9874296553721666,1.0724800089253819
minority-share,2,incremental,WEOB2,0.9825654623928943,1.0560398021613437
minority-share,2,incremental,UOB,0.9735285504511364,1.0496351735030525
minority-share,2,incremental,RebalanceStream,1.0297376161427823,0.5526114822388644
minority-share,2,sudden,improved_OOB,1.0196872177449428,1.0825825855485771
minority-share,2,sudden,WEOB1,1.0110025840799373,1.0668572894206343
minority-share,2,sudden,CSMOTE,1.0129227010437896,1.0615017435218277
minority-share,2,sudden,OOB,1.0146796104470537,1.0811191203137671
minority-share,2,sudden,improved_UOB,0.9831338622379105,1.012006483057032
minority-share,2,sudden,WEOB2,0.9787229102701785,0.9978050854760736
minority-share,2,sudden,UOB,0.9682994084610045,0.9894825127296536
minority-share,2,sudden,RebalanceStream,1.0440415566350758,0.9383032751228345
minority-share,2,periodic,improved_OOB,1.0327427012534873,1.147242535891259
minority-share,2,periodic,WEOB1,1.0177299576395218,1.122613019874167
minority-share,2,periodic,CSMOTE,1.025854775540585,1.0691502577743606
minority-share,2,periodic,OOB,1.0281403136291687,1.1456947853918191
minority-share,2,periodic,improved_UOB,0.9530099510972737,1.0379919902293238
minority-share,2,periodic,WEOB2,0.942416006184018,1.0216778265729567
minority-share,2,periodic,UOB,0.9365954295326456,1.0070454035997858
minority-share,2,periodic,RebalanceStream,1.0476907670041669,0.7600326497135348
minority-share,3,incremental,improved_OOB,1.0182730564015796,1.0568714671709514
minority-share,3,incremental,WEOB1,1.014677626387827,1.0614576868425185
minority-share,3,incremental,CSMOTE,1.0160508748007535,1.0460293675396404
minority-share,3,incremental,OOB,1.0138818786624264,1.0555208223805437
minority-share,3,incremental,improved_UOB,1.003405704688741,1.0471357995630124
minority-share,3,incremental,WEOB2,0.9947944057512795,1.0328563567106026
minority-share,3,incremental,UOB,0.9829931832196843,1.0257118916318726
minority-share,3,incremental,RebalanceStream,1.006209161904204,0.8988472420729411
minority-share,3,sudden,improved_OOB,1.0214647955605396,1.0521117546079586
minority-share,3,sudden,WEOB1,1.0141456878148591,1.0437511711794052
minority-share,3,sudden,CSMOTE,1.0114731668675758,1.0367936230320887
minority-share,3,sudden,OOB,1.013879082248722,1.046890402116038
minority-share,3,sudden,improved_UOB,0.9996377802725059,1.0256336083036643
minority-share,3,sudden,WEOB2,0.991326071925283,1.013200557848932
minority-share,3,sudden,UOB,0.9776764625075305,1.0038980327180451
minority-share,3,sudden,RebalanceStream,1.0226691167734383,1.0043951529801218
minority-share,3,periodic,improved_OOB,1.031818156417212,1.0994903358040282
minority-share,3,periodic,WEOB1,1.0206087235684986,1.0879329906906918
minority-share,3,periodic,CSMOTE,1.0212279306281151,1.0518812795346286
minority-share,3,periodic,OOB,1.023477591864659,1.0754537515557634
minority-share,3,periodic,improved_UOB,0.9672201308127557,1.059389277348067
minority-share,3,periodic,WEOB2,0.9582283175325871,1.0395253173171366
minority-share,3,periodic,UOB,0.9456784619848004,1.0247903408106716
minority-share,3,periodic,RebalanceStream,1.0344045270608502,0.8971656139958224
minority-share,4,incremental,improved_OOB,1.0159537865939516,1.0438481720575004
minority-share,4,incremental,WEOB1,1.0164369867454375,1.050893382945847
minority-share,4,incremental,CSMOTE,1.0181347019102378,1.038997706116294
minority-share,4,incremental,OOB,1.0117779295650782,1.0335639131960688
minority-share,4,incremental,improved_UOB,1.0092813199417627,1.0439842336869147
minority-share,4,incremental,WEOB2,0.9979780520107541,1.031100985421587
minority-share,4,incremental,UOB,1.0116102043414283,1.0399092951735014
minority-share,4,incremental,RebalanceStream,0.9910378714554122,0.9381866830974024
minority-share,4,sudden,improved_OOB,1.016383369817443,1.037007134796837
minority-share,4,sudden,WEOB1,1.0128000790333478,1.0346990690030227
minority-share,4,sudden,CSMOTE,1.0152868506752635,1.034227459814988
minority-share,4,sudden,OOB,1.0180446376135444,1.0330730571489677
minority-share,4,sudden,improved_UOB,1.0017899391960625,1.0239047220081512
minority-share,4,sudden,WEOB2,0.9901190069093646,1.0125565335898274
minority-share,4,sudden,UOB,1.0180446376135444,1.0330730571489677
minority-share,4,sudden,RebalanceStream,1.008220576417905,1.0176322143879823
minority-share,4,periodic,improved_OOB,1.022747937112295,1.055430893130884
minority-share,4,periodic,WEOB1,1.021006522650167,1.067001604693632
minority-share,4,periodic,CSMOTE,1.0258921869169655,1.0426182695132324
minority-share,4,periodic,OOB,1.0281319511779454,1.0609486385997111
minority-share,4,periodic,improved_UOB,0.9691932613993663,1.0524705551336873
minority-share,4,periodic,WEOB2,0.9580686213162684,1.0354135330739178
minority-share,4,periodic,UOB,0.973435213303064,1.0622625564100294
minority-share,4,periodic,RebalanceStream,1.0257803350649506,0.97064413730965
splitting-clusters,1,incremental,improved_OOB,1.0158515715930327,1.102677495507124
splitting-clusters,1,incremental,WEOB1,1.0077961653986398,1.0810128964422518
splitting-clusters,1,incremental,CSMOTE,1.0000059569832764,0.9693139230613761
splitting-clusters,1,incremental,OOB,1.0104019337793873,1.0910719246499676
splitting-clusters,1,incremental,improved_UOB,0.9957875371334407,1.0263404614733624
splitting-clusters,1,incremental,WEOB2,1.0003329561717695,1.0254521646118593
splitting-clusters,1,incremental,UOB,0.9862701309133624,0.9954786709253979
splitting-clusters,1,incremental,RebalanceStream,1.0431651882682809,1.0596296380424683
splitting-clusters,1,sudden,improved_OOB,1.0169158835699554,1.1110342447239343
splitting-clusters,1,sudden,WEOB1,1.0087099956745615,1.0769876270275154
splitting-clusters,1,sudden,CSMOTE,1.0094833740127616,1.0100789147057647
splitting-clusters,1,sudden,OOB,1.0141465057239916,1.1063975297352115
splitting-clusters,1,sudden,improved_UOB,0.993799169713318,1.0002097089321536
splitting-clusters,1,sudden,WEOB2,0.9990776613369869,1.0036873052477389
splitting-clusters,1,sudden,UOB,0.9722786560286721,0.9378050195384122
splitting-clusters,1,sudden,RebalanceStream,1.0467613158916722,1.1226403406938306
splitting-clusters,1,periodic,improved_OOB,1.0151733486825143,1.1004810060591101
splitting-clusters,1,periodic,WEOB1,1.00906278676655,1.0688322738783642
splitting-clusters,1,periodic,CSMOTE,1.002322383772031,1.0093057546439035
splitting-clusters,1,periodic,OOB,1.0122445080342763,1.0859550695358695
splitting-clusters,1,periodic,improved_UOB,0.9979835338285006,1.0112019131406704
splitting-clusters,1,periodic,WEOB2,0.997510638028871,1.0091881637988873
splitting-clusters,1,periodic,UOB,0.9954035581406058,0.9982460772974487
splitting-clusters,1,periodic,RebalanceStream,1.0284061708139143,1.081858429212349
splitting-clusters,2,incremental,improved_OOB,1.0127599553058484,1.0563176186842902
splitting-clusters,2,incremental,WEOB1,1.010801427465792,1.053043446203658
splitting-clusters,2,incremental,CSMOTE,1.0030413831046971,1.011240069404249
splitting-clusters,2,incremental,OOB,1.0076623922851045,1.047602532089653
splitting-clusters,2,incremental,improved_UOB,1.005379999527739,1.0376317917265536
splitting-clusters,2,incremental,WEOB2,1.0028658454425394,1.0286170793250364
splitting-clusters,2,incremental,UOB,0.9999198110120309,1.0287840225406668
splitting-clusters,2,incremental,RebalanceStream,1.0261038786392387,1.020872527734038
splitting-clusters,2,sudden,improved_OOB,1.0157806804284266,1.0670946350733352
splitting-clusters,2,sudden,WEOB1,1.0092914299819085,1.052927138305725
splitting-clusters,2,sudden,CSMOTE,1.0053861277727811,1.0081110301276557
splitting-clusters,2,sudden,OOB,1.010244567251176,1.0588679923234168
splitting-clusters,2,sudden,improved_UOB,0.9998750164078615,1.028264287288339
splitting-clusters,2,sudden,WEOB2,1.0032864980147302,1.0171357064943016
splitting-clusters,2,sudden,UOB,0.9952853938307711,1.0161897686986643
splitting-clusters,2,sudden,RebalanceStream,1.0300917576691277,1.0475193106988174
splitting-clusters,2,periodic,improved_OOB,1.0132842204900998,1.0532096302014908
splitting-clusters,2,periodic,WEOB1,1.0104715942796652,1.0459623811243877
splitting-clusters,2,periodic,CSMOTE,1.0062838787524704,1.0251578388566913
splitting-clusters,2,periodic,OOB,1.0102300652407536,1.0466611027654027
splitting-clusters,2,periodic,improved_UOB,1.0024955501419524,1.0222160884998328
splitting-clusters,2,periodic,WEOB2,1.0032440715133628,1.0246591089466541
splitting-clusters,2,periodic,UOB,1.0021748926953888,1.0219778557444634
splitting-clusters,2,periodic,RebalanceStream,1.0184486034893845,1.0380508668745916
splitting-clusters,3,incremental,improved_OOB,1.0190110546644757,1.047791263182951
splitting-clusters,3,incremental,WEOB1,1.0163170265077115,1.0444425931384342
splitting-clusters,3,incremental,CSMOTE,1.005464861583567,1.021209217955299
splitting-clusters,3,incremental,OOB,1.0136411461446455,1.0388535546924698
splitting-clusters,3,incremental,improved_UOB,1.01037775745393,1.0350675876337025
splitting-clusters,3,incremental,WEOB2,1.0076378264679804,1.029713620705585
splitting-clusters,3,incremental,UOB,0.9923524257236744,1.0105224145161984
splitting-clusters,3,incremental,RebalanceStream,1.0193559236174352,1.0263056006422622
splitting-clusters,3,sudden,improved_OOB,1.015029874552523,1.042657865812711
splitting-clusters,3,sudden,WEOB1,1.0115018165564642,1.0386737197390037
splitting-clusters,3,sudden,CSMOTE,1.0079587065745832,1.0252491215195212
splitting-clusters,3,sudden,OOB,1.0152007869756243,1.042270788940391
splitting-clusters,3,sudden,improved_UOB,1.0052896237896793,1.0283459696015493
splitting-clusters,3,sudden,WEOB2,1.0065302768109408,1.027726226838329
splitting-clusters,3,sudden,UOB,1.0039924323914202,1.0235175158991332
splitting-clusters,3,sudden,RebalanceStream,1.0197436904726958,1.030098357973358
splitting-clusters,3,periodic,improved_OOB,1.014147201271344,1.0401771762148893
splitting-clusters,3,periodic,WEOB1,1.0117693321974537,1.0364413231933387
splitting-clusters,3,periodic,CSMOTE,1.005667959605202,1.0213934253579324
splitting-clusters,3,periodic,OOB,1.0132528527175442,1.0349981333975702
splitting-clusters,3,periodic,improved_UOB,1.0062520228977505,1.0263817172131897
splitting-clusters,3,periodic,WEOB2,1.007389371230745,1.0278653800660593
splitting-clusters,3,periodic,UOB,1.0097279473906007,1.0270204823252094
splitting-clusters,3,periodic,RebalanceStream,1.0133702751606146,1.0269686383496737
splitting-clusters,4,incremental,improved_OOB,1.018943585740435,1.0360514377032497
splitting-clusters,4,incremental,WEOB1,1.0180130991264427,1.0355135864385576
splitting-clusters,4,incremental,CSMOTE,1.0105023280419636,1.0195457587572478
splitting-clusters,4,incremental,OOB,1.0151766274101577,1.0325288877664478
splitting-clusters,4,incremental,improved_UOB,1.015972597228786,1.0333703834244143
splitting-clusters,4,incremental,WEOB2,1.015036869082563,1.0314243330051702
splitting-clusters,4,incremental,UOB,0.9911271751549501,1.0118404908409615
splitting-clusters,4,incremental,RebalanceStream,1.0180148044371768,1.027517883032514
splitting-clusters,4,sudden,improved_OOB,1.0180497822579428,1.0356894453177783
splitting-clusters,4,sudden,WEOB1,1.017307449008145,1.0353964967729319
splitting-clusters,4,sudden,CSMOTE,1.0114638302650825,1.024536417734932
splitting-clusters,4,sudden,OOB,1.0143115485481784,1.0334813818835653
splitting-clusters,4,sudden,improved_UOB,1.0142637440831634,1.0320583246256039
splitting-clusters,4,sudden,WEOB2,1.0113834723319142,1.0272094973563606
splitting-clusters,4,sudden,UOB,1.0110985193597384,1.0288882492991573
splitting-clusters,4,sudden,RebalanceStream,1.0162622934642103,1.0279815812696866
splitting-clusters,4,periodic,improved_OOB,1.0124254575791884,1.0281080353183945
splitting-clusters,4,periodic,WEOB1,1.014632427488087,1.031023510701382
splitting-clusters,4,periodic,CSMOTE,1.0119297612374638,1.0252049861310244
splitting-clusters,4,periodic,OOB,1.0116481911461914,1.0275411673721924
splitting-clusters,4,periodic,improved_UOB,1.0127783612235528,1.0283531872798348
splitting-clusters,4,periodic,WEOB2,1.0123000351371412,1.0268940800942101
splitting-clusters,4,periodic,UOB,1.0092717400876206,1.0234798977499922
splitting-clusters,4,periodic,RebalanceStream,1.0101729530918182,1.023736715172507
clusters-movement,1,incremental,improved_OOB,1.0459619598863616,1.2982788496771263
clusters-movement,1,incremental,WEOB1,1.0374884149053474,1.2696966195729371
clusters-movement,1,incremental,CSMOTE,0.9346676603145128,0.8042389272366721
clusters-movement,1,incremental,OOB,1.0333637759595682,1.2583027983766841
clusters-movement,1,incremental,improved_UOB,0.982161733193326,1.0054380869254789
clusters-movement,1,incremental,WEOB2,0.934350729470418,0.8681794836696795
clusters-movement,1,incremental,UOB,0.962716385978683,0.964547772477088
clusters-movement,1,incremental,RebalanceStream,1.0838169638427604,0.683771958532912
clusters-movement,1,sudden,improved_OOB,1.0833964106654803,1.396665215641215
clusters-movement,1,sudden,WEOB1,1.058899997065417,1.2977152622910368
clusters-movement,1,sudden,CSMOTE,0.9639481282880861,0.8467613618092522
clusters-movement,1,sudden,OOB,1.0662062251335764,1.3661059704471992
clusters-movement,1,sudden,improved_UOB,0.9384657537094907,0.9193873656817698
clusters-movement,1,sudden,WEOB2,0.9471971291482507,0.9129386308847052
clusters-movement,1,sudden,UOB,0.8665683264839911,0.8596679488692218
clusters-movement,1,sudden,RebalanceStream,1.1169676157146102,0.6219531870066429
clusters-movement,1,periodic,improved_OOB,1.0527151014640839,1.3297657811053718
clusters-movement,1,periodic,WEOB1,1.030156270542298,1.2533610105846373
clusters-movement,1,periodic,CSMOTE,0.9935924652097801,1.050839745838033
clusters-movement,1,periodic,OOB,1.0394015809367991,1.3074537804730084
clusters-movement,1,periodic,improved_UOB,0.9491990127046657,0.9768891941990491
clusters-movement,1,periodic,WEOB2,0.9365860237744429,0.9619767435141019
clusters-movement,1,periodic,UOB,0.9389311274732188,0.9538248591718291
clusters-movement,1,periodic,RebalanceStream,1.0838012511370663,0.33269711487045833
clusters-movement,2,incremental,improved_OOB,1.0370562213361791,1.1262297787657143
clusters-movement,2,incremental,WEOB1,1.0286275126271676,1.1139602333665446
clusters-movement,2,incremental,CSMOTE,0.9356087991481857,0.8909957926525501
clusters-movement,2,incremental,OOB,1.0257742219637138,1.1164928775759166
clusters-movement,2,incremental,improved_UOB,0.9966510513277905,1.0459811775136252
clusters-movement,2,incremental,WEOB2,0.9690958266093039,0.9468365758062292
clusters-movement,2,incremental,UOB,0.9760223844932272,1.0037130873942997
clusters-movement,2,incremental,RebalanceStream,1.058069537986409,0.9417184335711701
clusters-movement,2,sudden,improved_OOB,1.0420968905526395,1.1635852396328206
clusters-movement,2,sudden,WEOB1,1.0327387741478842,1.1444127085683566
clusters-movement,2,sudden,CSMOTE,0.9595883979141847,0.8741437539749564
clusters-movement,2,sudden,OOB,1.0342974073871003,1.1596147585162242
clusters-movement,2,sudden,improved_UOB,0.9947953836275596,1.0466850585231027
clusters-movement,2,sudden,WEOB2,0.961190809620251,0.9052251046297732
clusters-movement,2,sudden,UOB,0.9248895304156092,0.9519291483143703
clusters-movement,2,sudden,RebalanceStream,1.063616944188332,0.9492869497400584
clusters-movement,2,periodic,improved_OOB,1.0321751480625385,1.1180587646112934
clusters-movement,2,periodic,WEOB1,1.0192320513034936,1.0920003083875323
clusters-movement,2,periodic,CSMOTE,1.0027560832623068,1.0484150829726664
clusters-movement,2,periodic,OOB,1.0245286637817406,1.1192600184994488
clusters-movement,2,periodic,improved_UOB,0.9673837195376143,0.9903929693482318
clusters-movement,2,periodic,WEOB2,0.9813274474927886,1.0153740034341612
clusters-movement,2,periodic,UOB,0.9482631462474744,0.9682678380181503
clusters-movement,2,periodic,RebalanceStream,1.0482418145678982,0.8442657936164079
clusters-movement,3,incremental,improved_OOB,1.0540839853636583,1.096041700563782
clusters-movement,3,incremental,WEOB1,1.042137999742771,1.0815574027648638
clusters-movement,3,incremental,CSMOTE,0.9325301868083689,0.9317397194222935
clusters-movement,3,incremental,OOB,1.0444838911197465,1.0924561114391296
clusters-movement,3,incremental,improved_UOB,1.0079815710872435,1.03911552863585
clusters-movement,3,incremental,WEOB2,0.9838579601395655,0.9893691298705294
clusters-movement,3,incremental,UOB,0.9698362805642641,1.0044087191712425
clusters-movement,3,incremental,RebalanceStream,1.049293130680452,1.0050066559350925
clusters-movement,3,sudden,improved_OOB,1.0525489623505198,1.1263583457890858
clusters-movement,3,sudden,WEOB1,1.0444086074776011,1.1178254737946218
clusters-movement,3,sudden,CSMOTE,0.9608788962525682,0.9491432797875492
clusters-movement,3,sudden,OOB,1.0430574057262432,1.127206069874434
clusters-movement,3,sudden,improved_UOB,1.0243910622573755,1.0881265302326715
clusters-movement,3,sudden,WEOB2,0.9631121015963376,0.9318023301402089
clusters-movement,3,sudden,UOB,0.9060116173276218,0.9855517848078945
clusters-movement,3,sudden,RebalanceStream,1.0320928446809443,0.8626249717296515
clusters-movement,3,periodic,improved_OOB,1.0282340626418154,1.0656300169028636
clusters-movement,3,periodic,WEOB1,1.017984465945346,1.0514676600164508
clusters-movement,3,periodic,CSMOTE,1.0096179173464255,1.0343069358562904
clusters-movement,3,periodic,OOB,1.0205374691447628,1.066529234493356
clusters-movement,3,periodic,improved_UOB,0.9946266981856937,1.0177513735231454
clusters-movement,3,periodic,WEOB2,0.9888778169601947,1.0100521987720237
clusters-movement,3,periodic,UOB,0.9662570106051298,0.992389701547829
clusters-movement,3,periodic,RebalanceStream,1.0160988348478013,0.9691241793653048
clusters-movement,4,incremental,improved_OOB,1.0395537397276362,1.0592285748169548
clusters-movement,4,incremental,WEOB1,1.0345201225448037,1.0558621025192758
clusters-movement,4,incremental,CSMOTE,0.9437433999849649,0.9607900230894124
clusters-movement,4,incremental,OOB,1.0346680446033085,1.052767865442987
clusters-movement,4,incremental,improved_UOB,1.0140319062967964,1.0354830538212945
clusters-movement,4,incremental,WEOB2,0.9642498134154094,0.98285245541953
clusters-movement,4,incremental,UOB,1.007581124986573,1.029439667836692
clusters-movement,4,incremental,RebalanceStream,1.0212553903912844,1.0157283930070466
clusters-movement,4,sudden,improved_OOB,1.0454782490826298,1.0791259993489304
clusters-movement,4,sudden,WEOB1,1.0406137073519057,1.0746732787213555
clusters-movement,4,sudden,CSMOTE,0.9428546009839931,0.9519633810004078
clusters-movement,4,sudden,OOB,1.0431430467676224,1.075013229124955
clusters-movement,4,sudden,improved_UOB,1.0272145005959037,1.0583234003962714
clusters-movement,4,sudden,WEOB2,0.9332004687955121,0.9019952163856246
clusters-movement,4,sudden,UOB,0.9817532956955966,1.0263073156523894
clusters-movement,4,sudden,RebalanceStream,1.0217744384149274,1.0156464870022932
clusters-movement,4,periodic,improved_OOB,1.023347214486673,1.0454812841332213
clusters-movement,4,periodic,WEOB1,1.0181105767528236,1.0402491172695016
clusters-movement,4,periodic,CSMOTE,1.0113308197676942,1.0292174574254997
clusters-movement,4,periodic,OOB,1.0174519825089519,1.0394120876484834
clusters-movement,4,periodic,improved_UOB,1.000541987463471,1.0179696633402011
clusters-movement,4,periodic,WEOB2,0.9917858327962656,1.0087476360961802
clusters-movement,4,periodic,UOB,0.9994939971081109,1.0191537312079952
clusters-movement,4,periodic,RebalanceStream,1.002912035653286,1.004428817298394
borderline,1,incremental,improved_OOB,1.0470039216976905,1.2820162619308861
borderline,1,incremental,WEOB1,1.0236627065672859,1.1818440538744406
borderline,1,incremental,CSMOTE,0.9837950877482229,0.9784133211999518
borderline,1,incremental,OOB,1.0342633870083755,1.2361628016863493
borderline,1,incremental,improved_UOB,0.9555552799138294,0.9487947866850563
borderline,1,incremental,WEOB2,0.9436062163323748,0.9137222560812002
borderline,1,incremental,UOB,0.9619406643608696,0.958272545362534
borderline,1,incremental,RebalanceStream,1.0830505655272895,0.7357091802662599
borderline,1,sudden,improved_OOB,1.0438292684945059,1.2683356506259489
borderline,1,sudden,WEOB1,1.0223591928203573,1.1796839059389206
borderline,1,sudden,CSMOTE,0.9891425099493838,1.0030349271865004
borderline,1,sudden,OOB,1.0312455799925322,1.221220097379714
borderline,1,sudden,improved_UOB,0.9563046350242399,0.9570824495205793
borderline,1,sudden,WEOB2,0.9409008973397806,0.9143657338792045
borderline,1,sudden,UOB,0.9588100999934437,0.9554534612122064
borderline,1,sudden,RebalanceStream,1.086830059952184,0.7299340398350682
borderline,1,periodic,improved_OOB,1.0497093056946916,1.3331720982928112
borderline,1,periodic,WEOB1,1.0271537610279922,1.1982057473109573
borderline,1,periodic,CSMOTE,0.9870932886927776,0.9622138087010381
borderline,1,periodic,OOB,1.0389653706945574,1.2949818329367135
borderline,1,periodic,improved_UOB,0.958226285447689,0.9291933975133396
borderline,1,periodic,WEOB2,0.9434704839909559,0.8763324607616125
borderline,1,periodic,UOB,0.9633470194565427,0.9341941403629502
borderline,1,periodic,RebalanceStream,1.0685340942921346,0.7402829326732323
borderline,2,incremental,improved_OOB,1.0244663836535421,1.0885938888718507
borderline,2,incremental,WEOB1,1.0146052091078632,1.0685047327217985
borderline,2,incremental,CSMOTE,1.0032170669006717,1.0332985178027356
borderline,2,incremental,OOB,1.016825543302634,1.0787715462043057
borderline,2,incremental,improved_UOB,0.9880842250055394,1.01581980595771
borderline,2,incremental,WEOB2,0.9784024974744119,0.9896989358895264
borderline,2,incremental,UOB,0.9703441676650874,0.9855867045513993
borderline,2,incremental,RebalanceStream,1.0447925548115813,0.9759539322610853
borderline,2,sudden,improved_OOB,1.024628575828621,1.0899758102351456
borderline,2,sudden,WEOB1,1.0136478068119381,1.0679473654226863
borderline,2,sudden,CSMOTE,0.9964209035633547,1.0221509279152319
borderline,2,sudden,OOB,1.0169646808522401,1.080946810551991
borderline,2,sudden,improved_UOB,0.9828371170945669,1.007040030766562
borderline,2,sudden,WEOB2,0.978229765156406,0.9929525492713529
borderline,2,sudden,UOB,0.9699127377644868,0.9887121515223408
borderline,2,sudden,RebalanceStream,1.0502235123687924,0.9735290119144897
borderline,2,periodic,improved_OOB,1.027870424045449,1.101670884626487
borderline,2,periodic,WEOB1,1.0158117001835103,1.0690575983668689
borderline,2,periodic,CSMOTE,1.0004968497796365,1.0159310418349017
borderline,2,periodic,OOB,1.0199415349970093,1.0869055436339812
borderline,2,periodic,improved_UOB,0.9849868806515738,1.0006064842744744
borderline,2,periodic,WEOB2,0.979100271786166,0.9811322383460778
borderline,2,periodic,UOB,0.9727617368098908,0.9830167588800363
borderline,2,periodic,RebalanceStream,1.0444869492834148,1.0149503656490564
borderline,3,incremental,improved_OOB,1.0257891058817983,1.056139241188249
borderline,3,incremental,WEOB1,1.0175416418397747,1.0457497646536258
borderline,3,incremental,CSMOTE,0.9908362799297947,1.0047969655558786
borderline,3,incremental,OOB,1.014539115422467,1.0441279055877237
borderline,3,incremental,improved_UOB,1.0034329839780332,1.0279369913778174
borderline,3,incremental,WEOB2,0.9957315993204963,1.0165288477447272
borderline,3,incremental,UOB,0.9826778251391871,1.007025028893898
borderline,3,incremental,RebalanceStream,1.0307662900422379,1.028812608867995
borderline,3,sudden,improved_OOB,1.0236698131546267,1.0531160578687777
borderline,3,sudden,WEOB1,1.0150473883855533,1.0424979760888708
borderline,3,sudden,CSMOTE,0.9965804856138208,1.013611767531933
borderline,3,sudden,OOB,1.0146548811995755,1.0451073030672333
borderline,3,sudden,improved_UOB,0.999993256108115,1.0237124693612154
borderline,3,sudden,WEOB2,0.9950238178801698,1.0165916911830912
borderline,3,sudden,UOB,0.9778204433783487,1.0016940457968209
borderline,3,sudden,RebalanceStream,1.0324288322174262,1.028665887832895
borderline,3,periodic,improved_OOB,1.0267047441916348,1.059059035637827
borderline,3,periodic,WEOB1,1.0184725646616701,1.0474958505347416
borderline,3,periodic,CSMOTE,0.999361805538622,1.0117117125540898
borderline,3,periodic,OOB,1.0154713803114028,1.0450452533870271
borderline,3,periodic,improved_UOB,1.0040043208048446,1.0279688537929883
borderline,3,periodic,WEOB2,0.9917718148325898,1.0079056469306764
borderline,3,periodic,UOB,0.9837662188901913,1.007161868592353
borderline,3,periodic,RebalanceStream,1.0310272683071808,1.0374697517327538
borderline,4,incremental,improved_OOB,1.017806622874211,1.036859733202683
borderline,4,incremental,WEOB1,1.0132848995355692,1.0334642042153457
borderline,4,incremental,CSMOTE,1.0027618515466636,1.0208683140288528
borderline,4,incremental,OOB,1.0218855335300299,1.0365046067469346
borderline,4,incremental,improved_UOB,1.0014854144166168,1.0216934937672428
borderline,4,incremental,WEOB2,0.9935204745764671,1.0136916301379102
borderline,4,incremental,UOB,1.0218855335300299,1.0365046067469346
borderline,4,incremental,RebalanceStream,1.0118104069485947,1.0214029068474448
borderline,4,sudden,improved_OOB,1.015745014450849,1.0353788887140851
borderline,4,sudden,WEOB1,1.0115002133856434,1.0321602950040172
borderline,4,sudden,CSMOTE,1.0072029594128171,1.0256934216650884
borderline,4,sudden,OOB,1.0191364762398318,1.034006163082794
borderline,4,sudden,improved_UOB,1.0001983451978504,1.0210169828871318
borderline,4,sudden,WEOB2,0.9903769048243101,1.011437174251973
borderline,4,sudden,UOB,1.0191364762398318,1.034006163082794
borderline,4,sudden,RebalanceStream,1.01484089681206,1.0246237509799168
borderline,4,periodic,improved_OOB,1.0194132109862584,1.039346262697925
borderline,4,periodic,WEOB1,1.0157959640723666,1.0365080924327035
borderline,4,periodic,CSMOTE,0.996958586464266,1.012000781811267
borderline,4,periodic,OOB,1.0223500395615441,1.0383736715372929
borderline,4,periodic,improved_UOB,1.0037323201444195,1.023563099528935
borderline,4,periodic,WEOB2,0.9927116907324011,1.0117155443175212
borderline,4,periodic,UOB,1.0223500395615441,1.0383736715372929
borderline,4,periodic,RebalanceStream,1.0160660628386338,1.0280867892483319
