drift,unbalance,type,alg,Recall_0,Recall_1
sea_P(y),1,sudden,improved_OOB,0.27315304262780293,0.14078894155850993
sea_P(y),1,sudden,WEOB1,0.07438563743305468,0.15459339152016047
sea_P(y),1,sudden,OOB,0.15777092731565429,0.13522372189636722
sea_P(y),1,sudden,improved_UOB,-0.2717586309959433,0.14443471876754918
sea_P(y),1,sudden,WEOB2,-0.6956609518481394,0.13514211284089186
sea_P(y),1,sudden,UOB,0.15777092731565429,0.13522372189636722
sea_P(y),1,incremental,improved_OOB,0.32936933683376246,0.2062642842477895
sea_P(y),1,incremental,WEOB1,0.09230469379596169,0.26089964330703713
sea_P(y),1,incremental,OOB,0.2229734997399529,-0.026764572849544924
sea_P(y),1,incremental,improved_UOB,-0.26891186398464206,0.19594241404790427
sea_P(y),1,incremental,WEOB2,-0.6706306631662375,0.1295231607894198
sea_P(y),1,incremental,UOB,0.2229734997399529,-0.026764572849544924
sea_P(y),3,incremental,improved_OOB,0.5230240781715589,-0.6281157849282744
sea_P(y),3,incremental,WEOB1,0.35572604610456304,-0.1259132056128226
sea_P(y),3,incremental,OOB,0.043579295489383434,0.28468213009515625
sea_P(y),3,incremental,improved_UOB,0.04368145254023558,0.06348343647976955
sea_P(y),3,incremental,WEOB2,-0.476975921828441,0.3718842150717257
sea_P(y),3,incremental,UOB,-0.050943818686838074,0.35041989365032183
sea_P(y),3,sudden,improved_OOB,0.489900734965949,-0.6599768835191331
sea_P(y),3,sudden,WEOB1,0.33863727315083,-0.13062015206421818
sea_P(y),3,sudden,OOB,0.07239024389767905,0.27891942886010257
sea_P(y),3,sudden,improved_UOB,0.09393990173473411,0.10379279816376899
sea_P(y),3,sudden,WEOB2,-0.510099265034051,0.2992076171999322
sea_P(y),3,sudden,UOB,-0.026135492896141553,0.34002311648086686
sea_P(y),2,sudden,improved_OOB,0.42969521552422846,0.045958367688022625
sea_P(y),2,sudden,WEOB1,0.2651676782305293,0.11567103474392905
sea_P(y),2,sudden,OOB,0.0491476093193304,0.16264372735943897
sea_P(y),2,sudden,improved_UOB,-0.015507979337359538,0.1467971163371712
sea_P(y),2,sudden,WEOB2,-0.5703047844757715,0.17372705743193997
sea_P(y),2,sudden,UOB,-0.09728143531867313,0.17760134821975002
sea_P(y),2,incremental,improved_OOB,0.49272587409472307,-0.632591893785918
sea_P(y),2,incremental,WEOB1,0.33188645936683103,-0.10929647462100091
sea_P(y),2,incremental,OOB,0.09638199634272156,0.21704829544182025
sea_P(y),2,incremental,improved_UOB,0.035776108492939836,0.06899506102047527
sea_P(y),2,incremental,WEOB2,-0.507274125905277,0.36740810621408204
sea_P(y),2,incremental,UOB,-0.07575067620975297,0.33854387448134743
sea_P(y),4,incremental,improved_OOB,0.5220879982479747,-0.6609606021556992
sea_P(y),4,incremental,WEOB1,0.37094107240368224,-0.13518320258176733
sea_P(y),4,incremental,OOB,0.008692775390100074,0.29275259492929084
sea_P(y),4,incremental,improved_UOB,0.0969922058046708,0.10988251550289037
sea_P(y),4,incremental,WEOB2,-0.44163857524436345,0.33903939784430087
sea_P(y),4,incremental,UOB,-0.07916347484998264,0.3189256560070424
sea_P(y),4,sudden,improved_OOB,0.48514281665856956,-0.6716072757863043
sea_P(y),4,sudden,WEOB1,0.3407495824968777,-0.13159235914113518
sea_P(y),4,sudden,OOB,-0.001023600453219847,0.32839272421369564
sea_P(y),4,sudden,improved_UOB,0.11645623471417135,0.008431401353953559
sea_P(y),4,sudden,WEOB2,-0.41828532477050573,0.2555155777457418
sea_P(y),4,sudden,UOB,-0.008182525304474208,0.29448073122881163
sea_P(y_x),1,sudden,improved_OOB,0.08569138033498278,0.14650179743227779
sea_P(y_x),1,sudden,WEOB1,0.048605484423953224,0.142959200142129
sea_P(y_x),1,sudden,OOB,0.03439411967944821,0.19830149614271
sea_P(y_x),1,sudden,improved_UOB,-0.3048971710907217,0.13014545318579188
sea_P(y_x),1,sudden,WEOB2,-0.22686447018371186,0.045756998364443975
sea_P(y_x),1,sudden,UOB,-0.3184646715819769,0.13803355858993618
sea_P(y_x),1,incremental,improved_OOB,0.09997812973946259,0.12441489155560029
sea_P(y_x),1,incremental,WEOB1,0.058508067042514274,0.13495230879137
sea_P(y_x),1,incremental,OOB,0.03437256025615296,0.1778345690309254
sea_P(y_x),1,incremental,improved_UOB,-0.2899726552893788,0.13809214481784607
sea_P(y_x),1,incremental,WEOB2,-0.2584596789658547,0.07947969559092011
sea_P(y_x),1,incremental,UOB,-0.32221321139144976,0.16739182118241155
sea_P(y_x),3,incremental,improved_OOB,0.15605965881262765,0.1159079811270727
sea_P(y_x),3,incremental,WEOB1,0.08164609013093513,0.13920793691416486
sea_P(y_x),3,incremental,OOB,-0.07923579213538491,0.3335281994853452
sea_P(y_x),3,incremental,improved_UOB,-0.11781852836501545,0.12923894790846094
sea_P(y_x),3,incremental,WEOB2,0.09081894639260438,-0.4495286296174595
sea_P(y_x),3,incremental,UOB,-0.5657351874178813,0.3658227820912074
sea_P(y_x),3,sudden,improved_OOB,0.14692555411711483,0.14894287451580104
sea_P(y_x),3,sudden,WEOB1,0.08760020883776175,0.14669436399422944
sea_P(y_x),3,sudden,OOB,-0.10747248349514157,0.402227132282912
sea_P(y_x),3,sudden,improved_UOB,-0.11292094872316051,0.10979519789093604
sea_P(y_x),3,sudden,WEOB2,0.11006655398887999,-0.5465500141138477
sea_P(y_x),3,sudden,UOB,-0.562099442362733,0.33666331314705916
sea_P(y_x),2,sudden,improved_OOB,0.06967084399131893,0.14642222307255642
sea_P(y_x),2,sudden,WEOB1,0.009121554891269971,0.1569053092804884
sea_P(y_x),2,sudden,OOB,0.00565580297774217,0.1948676971350369
sea_P(y_x),2,sudden,improved_UOB,-0.21968206366950543,0.16106500602812668
sea_P(y_x),2,sudden,WEOB2,-0.08577303299834815,-0.07049583453766677
sea_P(y_x),2,sudden,UOB,-0.38949655259623794,0.20561779951072898
sea_P(y_x),2,incremental,improved_OOB,0.06173236633566724,0.13798260450337882
sea_P(y_x),2,incremental,WEOB1,0.0016925649145430634,0.14876178839341017
sea_P(y_x),2,incremental,OOB,-0.005648314334011893,0.20667063996064092
sea_P(y_x),2,incremental,improved_UOB,-0.15841544185864564,0.12517465327964875
sea_P(y_x),2,incremental,WEOB2,-0.10304593979819195,-0.02272380490523341
sea_P(y_x),2,incremental,UOB,-0.398157617629685,0.1974634788075123
sea_P(y_x),4,incremental,improved_OOB,0.16344855031236113,0.09296545380207541
sea_P(y_x),4,incremental,WEOB1,0.07616284479627013,0.1140397296363784
sea_P(y_x),4,incremental,OOB,-0.2307892887581598,0.2895663263465345
sea_P(y_x),4,incremental,improved_UOB,-0.11749727821209047,0.12381044644228115
sea_P(y_x),4,incremental,WEOB2,0.4817391609224417,-0.7104336736534654
sea_P(y_x),4,incremental,UOB,-0.5182608390775584,0.1992837246074583
sea_P(y_x),4,sudden,improved_OOB,0.13529795489648255,0.07459068795350944
sea_P(y_x),4,sudden,WEOB1,0.10699474048332623,0.07140478865126815
sea_P(y_x),4,sudden,OOB,-0.19591117218175846,0.27935259236619825
sea_P(y_x),4,sudden,improved_UOB,0.0011595734938223158,0.05339788394384102
sea_P(y_x),4,sudden,WEOB2,0.4364049733800023,-0.7206474076338018
sea_P(y_x),4,sudden,UOB,-0.5635950266199977,0.27244370332632345
sea_P(x_y),1,sudden,improved_OOB,0.2775954900004228,0.02982039034490576
sea_P(x_y),1,sudden,WEOB1,0.08728993427064956,0.13720208859785393
sea_P(x_y),1,sudden,OOB,0.19727400663172767,0.0768562501514503
sea_P(x_y),1,sudden,improved_UOB,-0.3267080110766856,0.19342165679799017
sea_P(x_y),1,sudden,WEOB2,-0.3891101561202405,0.13477978116452521
sea_P(x_y),1,sudden,UOB,-0.42317063185293696,0.21395991647163745
sea_P(x_y),1,incremental,improved_OOB,0.25763349186959117,0.014632481629540553
sea_P(x_y),1,incremental,WEOB1,0.06437207762490099,0.12281471340426327
sea_P(x_y),1,incremental,OOB,0.18936498585588776,0.07154931590575805
sea_P(x_y),1,incremental,improved_UOB,-0.3310129223519406,0.18256132896350175
sea_P(x_y),1,incremental,WEOB2,-0.25222158754458507,0.13764408721362326
sea_P(x_y),1,incremental,UOB,-0.46406802272692527,0.23539903644165655
sea_P(x_y),3,incremental,improved_OOB,0.24463489437155825,-0.0832783448740268
sea_P(x_y),3,incremental,WEOB1,0.08118989707802836,0.052764824346699685
sea_P(x_y),3,incremental,OOB,-0.004010405716275829,0.18701432499807863
sea_P(x_y),3,incremental,improved_UOB,-0.1475496674095954,0.14246156811749322
sea_P(x_y),3,incremental,WEOB2,-0.20682655755934354,-0.011155681918307224
sea_P(x_y),3,incremental,UOB,-0.483719080382189,0.35609665466502827
sea_P(x_y),3,sudden,improved_OOB,0.08774429599393223,0.0571719488717681
sea_P(x_y),3,sudden,WEOB1,-0.008528824129767857,0.10031136603239539
sea_P(x_y),3,sudden,OOB,-0.06939788362194489,0.22479114043460052
sea_P(x_y),3,sudden,improved_UOB,-0.14225579627556845,0.1075054309497823
sea_P(x_y),3,sudden,WEOB2,-0.1341514858378411,0.06075798908422213
sea_P(x_y),3,sudden,UOB,-0.36670515306440343,0.22467098419263246
sea_P(x_y),2,sudden,improved_OOB,0.13727032558017618,0.02536032655945739
sea_P(x_y),2,sudden,WEOB1,-0.02196344480536829,0.12804135577602896
sea_P(x_y),2,sudden,OOB,-0.029642255465772104,0.1901297335537267
sea_P(x_y),2,sudden,improved_UOB,-0.18140501988315708,0.15694954765792926
sea_P(x_y),2,sudden,WEOB2,-0.24687831974131982,0.06491040656086439
sea_P(x_y),2,sudden,UOB,-0.32869064284227667,0.21730431494599783
sea_P(x_y),2,incremental,improved_OOB,0.23741750076328733,-0.051861864288197404
sea_P(x_y),2,incremental,WEOB1,0.05174986840512157,0.09822328481462986
sea_P(x_y),2,incremental,OOB,0.0750237552482334,0.11042791838389633
sea_P(x_y),2,incremental,improved_UOB,-0.24100795831190647,0.19343033873120333
sea_P(x_y),2,incremental,WEOB2,-0.24774612282694727,0.039198556011383126
sea_P(x_y),2,incremental,UOB,-0.4377185216388975,0.305290883173546
sea_P(x_y),4,incremental,improved_OOB,0.32322653523728645,-0.20355341611372363
sea_P(x_y),4,incremental,WEOB1,0.22421344555543188,-0.10742402382647152
sea_P(x_y),4,incremental,OOB,-0.08525784350293275,0.42547935726027525
sea_P(x_y),4,incremental,improved_UOB,0.11146078062390735,-0.07046530575649236
sea_P(x_y),4,incremental,WEOB2,-0.3195022110397511,-0.15542469710623927
sea_P(x_y),4,incremental,UOB,-0.627070353436973,0.555694042771318
sea_P(x_y),4,sudden,improved_OOB,0.2536104438671216,-0.12426899002724125
sea_P(x_y),4,sudden,WEOB1,0.14177020002326562,-0.036912586249344556
sea_P(x_y),4,sudden,OOB,-0.054699892831602405,0.4392135385989627
sea_P(x_y),4,sudden,improved_UOB,-0.02251776984004516,-0.007083657655292846
sea_P(x_y),4,sudden,WEOB2,-0.06114894153067259,-0.13887326744496784
sea_P(x_y),4,sudden,UOB,-0.6285070198440265,0.4287114241789077
sine_P(y),4,incremental,improved_OOB,0.19936478245946498,0.29957361312701486
sine_P(y),4,incremental,WEOB1,0.024230084401787363,0.3827629146264048
sine_P(y),4,incremental,OOB,0.5315928963907273,-0.2848966941577676
sine_P(y),4,incremental,improved_UOB,-0.46840710360927273,0.30735797745517024
sine_P(y),4,incremental,WEOB2,-0.4533846395088962,0.19733596848068133
sine_P(y),4,incremental,UOB,0.5315928963907273,-0.2848966941577676
sine_P(y),4,sudden,improved_OOB,0.1722033860370835,0.268290132143453
sine_P(y),4,sudden,WEOB1,0.008433862706424438,0.38553017116437555
sine_P(y),4,sudden,OOB,0.5148905307276179,-0.28331285957376245
sine_P(y),4,sudden,improved_UOB,-0.4815807489067969,0.34020998037749384
sine_P(y),4,sudden,WEOB2,-0.4851094692723821,0.18706526429800033
sine_P(y),4,sudden,UOB,0.5148905307276179,-0.28331285957376245
sine_P(y),3,sudden,improved_OOB,0.183504472932238,0.32513963339891233
sine_P(y),3,sudden,WEOB1,0.11834759984149612,0.36714595990449306
sine_P(y),3,sudden,OOB,0.2877773720102306,-0.2217660260409588
sine_P(y),3,sudden,improved_UOB,-0.07056041860861426,0.2544599874179965
sine_P(y),3,sudden,WEOB2,-0.09462377019584965,0.12964051145602265
sine_P(y),3,sudden,UOB,0.2877773720102306,-0.2217660260409588
sine_P(y),3,incremental,improved_OOB,0.14374230558459303,0.365253175264442
sine_P(y),3,incremental,WEOB1,0.014242357226418688,0.4154108642354877
sine_P(y),3,incremental,OOB,0.449344032972981,-0.2996393104351993
sine_P(y),3,incremental,improved_UOB,-0.4732332424863062,0.2780133894370634
sine_P(y),3,incremental,WEOB2,-0.550655967027019,0.12519032769793867
sine_P(y),3,incremental,UOB,0.449344032972981,-0.2996393104351993
sine_P(y),1,sudden,improved_OOB,0.2636608442814725,0.14782064779106285
sine_P(y),1,sudden,WEOB1,0.2520794292761852,0.1846949371255008
sine_P(y),1,sudden,OOB,0.27246875922799185,0.11181059811224353
sine_P(y),1,sudden,improved_UOB,0.02805355155593956,0.09090667177932615
sine_P(y),1,sudden,WEOB2,0.016467654744187564,0.13848220886925255
sine_P(y),1,sudden,UOB,-0.1051989983137813,0.14158999919712373
sine_P(y),1,incremental,improved_OOB,0.4820749230801457,0.15056769201118306
sine_P(y),1,incremental,WEOB1,0.47016852382529156,0.17384359437435098
sine_P(y),1,incremental,OOB,0.47641025874489584,0.12203259687812805
sine_P(y),1,incremental,improved_UOB,-0.25154219369406877,0.10927608465502964
sine_P(y),1,incremental,WEOB2,-0.313671748639949,0.13233310982237065
sine_P(y),1,incremental,UOB,-0.5179250769198543,0.13810332788458313
sine_P(y),2,incremental,improved_OOB,0.4478840493421922,0.13485874907489326
sine_P(y),2,incremental,WEOB1,0.31944320360441125,0.16469726223955977
sine_P(y),2,incremental,OOB,0.35602854368057046,0.19202599304571505
sine_P(y),2,incremental,improved_UOB,-0.03071324244397805,0.08211545980835036
sine_P(y),2,incremental,WEOB2,-0.14547551401404282,0.04263951278980771
sine_P(y),2,incremental,UOB,-0.39505108951135837,0.19163702999594806
sine_P(y),2,sudden,improved_OOB,0.33731622894918767,0.1271126017408852
sine_P(y),2,sudden,WEOB1,0.26343033904401797,0.17040246833357622
sine_P(y),2,sudden,OOB,0.2858908748725916,0.2058564770778787
sine_P(y),2,sudden,improved_UOB,0.01919566154965247,0.0777810147435552
sine_P(y),2,sudden,WEOB2,-0.04841474438627716,0.010875695254359972
sine_P(y),2,sudden,UOB,-0.19473458897839827,0.2021152657718381
sine_P(y_x),4,incremental,improved_OOB,0.1606469645329702,0.13894679698352083
sine_P(y_x),4,incremental,WEOB1,0.15169446076594895,0.15711905607610355
sine_P(y_x),4,incremental,OOB,0.11025054391020711,0.19757740190739312
sine_P(y_x),4,incremental,improved_UOB,0.12635898902472964,0.164614020332388
sine_P(y_x),4,incremental,WEOB2,-0.805012058149508,-0.8024225980926069
sine_P(y_x),4,incremental,UOB,0.061073158065157715,0.1784402297287872
sine_P(y_x),4,sudden,improved_OOB,0.15356500335583587,0.17337982490057888
sine_P(y_x),4,sudden,WEOB1,0.1393898663341382,0.18617521791553593
sine_P(y_x),4,sudden,OOB,0.15346977260244157,0.10277082495739878
sine_P(y_x),4,sudden,improved_UOB,0.07795008119628835,0.1602441074035322
sine_P(y_x),4,sudden,WEOB2,-0.8389222480455719,-0.8138247820844641
sine_P(y_x),4,sudden,UOB,0.15346977260244157,0.10277082495739878
sine_P(y_x),3,sudden,improved_OOB,0.17073501222345105,0.17668685717634483
sine_P(y_x),3,sudden,WEOB1,0.139126892650789,0.1815708574220575
sine_P(y_x),3,sudden,OOB,0.1882969287607311,0.1590539157754944
sine_P(y_x),3,sudden,improved_UOB,0.06893120044625996,0.17292497764505793
sine_P(y_x),3,sudden,WEOB2,-0.8117030712392689,-0.8184291425779425
sine_P(y_x),3,sudden,UOB,0.08486219287048512,0.09849501995093224
sine_P(y_x),3,incremental,improved_OOB,0.1749166093547039,0.1602589352783143
sine_P(y_x),3,incremental,WEOB1,0.14806983214538808,0.1837370335538273
sine_P(y_x),3,incremental,OOB,0.12852158272593225,0.18223601443204537
sine_P(y_x),3,incremental,improved_UOB,0.09274845265705692,0.18315068042899232
sine_P(y_x),3,incremental,WEOB2,-0.7963256651432477,-0.8162629664461727
sine_P(y_x),3,incremental,UOB,0.0483948534034171,0.17687420238345158
sine_P(y_x),1,sudden,improved_OOB,0.23336285721061778,0.2413807745556829
sine_P(y_x),1,sudden,WEOB1,0.22391138557958415,0.26102105744898196
sine_P(y_x),1,sudden,OOB,0.23158979464479598,0.24656559537951775
sine_P(y_x),1,sudden,improved_UOB,-0.011637605420198772,0.0997110269643495
sine_P(y_x),1,sudden,WEOB2,-0.7666371427893822,-0.738978942551018
sine_P(y_x),1,sudden,UOB,-0.13878115083311557,0.03608634665210382
sine_P(y_x),1,incremental,improved_OOB,0.20395663519181367,0.2426397708714863
sine_P(y_x),1,incremental,WEOB1,0.15833582404672802,0.32243069051258705
sine_P(y_x),1,incremental,OOB,0.18951947689242676,0.27708484742477224
sine_P(y_x),1,incremental,improved_UOB,0.0014043523436697116,0.2285596801350658
sine_P(y_x),1,incremental,WEOB2,-0.7460195696267833,-0.6775693094874129
sine_P(y_x),1,incremental,UOB,-0.06117714922107277,0.24353993794407852
sine_P(y_x),2,incremental,improved_OOB,0.16781342536202393,0.18663465951045796
sine_P(y_x),2,incremental,WEOB1,0.13314550659038543,0.21270669489442412
sine_P(y_x),2,incremental,OOB,0.13474672096837503,0.23518852701892723
sine_P(y_x),2,incremental,improved_UOB,0.0651286785448975,0.19942222144190627
sine_P(y_x),2,incremental,WEOB2,-0.7587941765217786,-0.7529179310705009
sine_P(y_x),2,incremental,UOB,0.016754021577872896,0.24708206892949913
sine_P(y_x),2,sudden,improved_OOB,0.18588403002722406,0.17840518621248322
sine_P(y_x),2,sudden,WEOB1,0.1711652260318254,0.18838921605640063
sine_P(y_x),2,sudden,OOB,0.18484768303749194,0.20586389914211156
sine_P(y_x),2,sudden,improved_UOB,0.0626926970749403,0.11757129622220734
sine_P(y_x),2,sudden,WEOB2,-0.8106876624749749,-0.7941361008578884
sine_P(y_x),2,sudden,UOB,0.016785688778464678,0.11747215134471821
sine_P(x_y),4,incremental,improved_OOB,0.2244409379248366,0.27439039780835056
sine_P(x_y),4,incremental,WEOB1,0.09591467470853181,0.36257545180115947
sine_P(x_y),4,incremental,OOB,0.4525164057394444,-0.2409651629560162
sine_P(x_y),4,incremental,improved_UOB,-0.2842379586988018,0.34474842319513865
sine_P(x_y),4,incremental,WEOB2,-0.39366687115294885,0.1376406013061687
sine_P(x_y),4,incremental,UOB,0.45251640573945423,-0.2409651629560162
sine_P(x_y),4,sudden,improved_OOB,0.23648797260904733,0.2205395240244515
sine_P(x_y),4,sudden,WEOB1,0.05596576867518506,0.3803767811208573
sine_P(x_y),4,sudden,OOB,0.4770246091840049,-0.2926581514536638
sine_P(x_y),4,sudden,improved_UOB,-0.3492187101704806,0.3679134838802207
sine_P(x_y),4,sudden,WEOB2,-0.37430885866581043,0.23610973276098232
sine_P(x_y),4,sudden,UOB,0.4770246091840049,-0.2926581514536638
sine_P(x_y),3,sudden,improved_OOB,0.3266048625376762,0.00884973172205138
sine_P(x_y),3,sudden,WEOB1,0.2413721984629875,0.10825241898188707
sine_P(x_y),3,sudden,OOB,0.14732058410450347,0.20548127716654882
sine_P(x_y),3,sudden,improved_UOB,-0.13623389317881224,0.08705096762963387
sine_P(x_y),3,sudden,WEOB2,-0.22803630792629614,0.06800375562666652
sine_P(x_y),3,sudden,UOB,-0.6733951374623238,0.26118092443660335
sine_P(x_y),3,incremental,improved_OOB,0.3544672850187951,0.028590057837341348
sine_P(x_y),3,incremental,WEOB1,0.3124125757640858,0.124555329656249
sine_P(x_y),3,incremental,OOB,0.19991558693303063,0.2092316793310064
sine_P(x_y),3,incremental,improved_UOB,-0.053679425340313267,0.08242739769868548
sine_P(x_y),3,incremental,WEOB2,-0.17396198866940243,0.07004011358090007
sine_P(x_y),3,incremental,UOB,-0.6455327149812049,0.24257771094790637
sine_P(x_y),1,sudden,improved_OOB,0.37129264849060717,0.029609014458670212
sine_P(x_y),1,sudden,WEOB1,0.2894216285444032,0.14400944470946644
sine_P(x_y),1,sudden,OOB,0.30616928970851826,0.053385224668139546
sine_P(x_y),1,sudden,improved_UOB,-0.21129969721539682,0.17688877961303276
sine_P(x_y),1,sudden,WEOB2,-0.604917111047533,0.1684127664281125
sine_P(x_y),1,sudden,UOB,-0.5457496474331106,0.21384738506129433
sine_P(x_y),1,incremental,improved_OOB,0.3714538071072342,0.04128387233398231
sine_P(x_y),1,incremental,WEOB1,0.31762874635251354,0.1456498203185185
sine_P(x_y),1,incremental,OOB,0.286523021165191,0.08729646363844981
sine_P(x_y),1,incremental,improved_UOB,-0.1818621923267254,0.1768939640884982
sine_P(x_y),1,incremental,WEOB2,-0.6034385083157435,0.1276376956905803
sine_P(x_y),1,incremental,UOB,-0.5868663656667262,0.21061909196498332
sine_P(x_y),2,incremental,improved_OOB,0.32735583342019614,0.043762060640483
sine_P(x_y),2,incremental,WEOB1,0.23419659739671259,0.1269521720271928
sine_P(x_y),2,incremental,OOB,0.24760430815184015,0.132456374772399
sine_P(x_y),2,incremental,improved_UOB,-0.17091062083165168,0.08104488548910926
sine_P(x_y),2,incremental,WEOB2,-0.3031802780144761,0.11958446640710507
sine_P(x_y),2,incremental,UOB,-0.6675329200612885,0.24810002033185344
sine_P(x_y),2,sudden,improved_OOB,0.34096302077867996,0.04014532775880657
sine_P(x_y),2,sudden,WEOB1,0.24766889676233844,0.13861281748475657
sine_P(x_y),2,sudden,OOB,0.269460769189776,0.11729124641594699
sine_P(x_y),2,sudden,improved_UOB,-0.2097614593766975,0.09276919053954971
sine_P(x_y),2,sudden,WEOB2,-0.33659604853869585,0.14627161219632287
sine_P(x_y),2,sudden,UOB,-0.6558675894077005,0.23245490280230047
jitter,1,incremental,improved_OOB,0.21603684751528388,0.055006646068381695
jitter,1,incremental,WEOB1,0.055982887998938316,0.14400002279104213
jitter,1,incremental,OOB,0.11242597524207491,0.10612531635158316
jitter,1,incremental,improved_UOB,-0.28100916389271785,0.16571656563414003
jitter,1,incremental,WEOB2,-0.3265753857192826,0.17366979163177038
jitter,1,incremental,UOB,-0.2657825931434926,0.153087095560624
jitter,1,sudden,improved_OOB,0.27315456653810577,0.10454521880687503
jitter,1,sudden,WEOB1,0.1916943388360567,0.1475009116664497
jitter,1,sudden,OOB,0.1951131688711249,0.1457664036442534
jitter,1,sudden,improved_UOB,-0.23182240025865927,0.14976844351674454
jitter,1,sudden,WEOB2,-0.42683717571079555,0.13883924835876377
jitter,1,sudden,UOB,-0.2857329200730814,0.12256076760826858
jitter,1,periodic,improved_OOB,0.21603684751528388,0.055006646068381695
jitter,1,periodic,WEOB1,0.055982887998938316,0.14400002279104213
jitter,1,periodic,OOB,0.11242597524207491,0.10612531635158316
jitter,1,periodic,improved_UOB,-0.28100916389271785,0.16571656563414003
jitter,1,periodic,WEOB2,-0.3265753857192826,0.17366979163177038
jitter,1,periodic,UOB,-0.2657825931434926,0.153087095560624
jitter,2,incremental,improved_OOB,0.1876710544715541,0.08426057827212438
jitter,2,incremental,WEOB1,0.09454931036584599,0.14316037397980583
jitter,2,incremental,OOB,0.10859385734566608,0.1819895748995959
jitter,2,incremental,improved_UOB,-0.3925773933947889,0.15348157797137135
jitter,2,incremental,WEOB2,-0.13232094831267174,0.0787240269932447
jitter,2,incremental,UOB,-0.3269965555687638,0.17729197567247798
jitter,2,sudden,improved_OOB,0.22834410388619092,0.10475752793982955
jitter,2,sudden,WEOB1,0.159545504980096,0.13186080617656668
jitter,2,sudden,OOB,0.18120567409700308,0.17913400268601135
jitter,2,sudden,improved_UOB,-0.14431089996179877,0.11810489629045975
jitter,2,sudden,WEOB2,-0.3629034107924312,0.07922447864444643
jitter,2,sudden,UOB,-0.2618042173776123,0.14254742580401034
jitter,2,periodic,improved_OOB,0.1876710544715541,0.08426057827212438
jitter,2,periodic,WEOB1,0.09454931036584599,0.14316037397980583
jitter,2,periodic,OOB,0.10859385734566608,0.1819895748995959
jitter,2,periodic,improved_UOB,-0.3925773933947889,0.15348157797137135
jitter,2,periodic,WEOB2,-0.13232094831267174,0.0787240269932447
jitter,2,periodic,UOB,-0.3269965555687638,0.17729197567247798
jitter,3,incremental,improved_OOB,0.21342890444181706,0.10553408474294719
jitter,3,incremental,WEOB1,0.10992051339425069,0.13322780412962548
jitter,3,incremental,OOB,0.05564552524322152,0.2312588979191881
jitter,3,incremental,improved_UOB,-0.07802405757551102,0.12578786047407886
jitter,3,incremental,WEOB2,-0.22724233353738893,0.0075918457254724485
jitter,3,incremental,UOB,-0.36860895786128195,0.21217373448117108
jitter,3,sudden,improved_OOB,0.3050316002824554,0.06926177156809608
jitter,3,sudden,WEOB1,0.21531779818930796,0.1063920223050682
jitter,3,sudden,OOB,0.22922132234177348,0.19325904607606062
jitter,3,sudden,improved_UOB,0.011448102630591981,0.11527798268546655
jitter,3,sudden,WEOB2,-0.484086131644777,0.06778111615295013
jitter,3,sudden,UOB,-0.21367857420713995,0.19737903366941736
jitter,3,periodic,improved_OOB,0.21342890444181706,0.10553408474294719
jitter,3,periodic,WEOB1,0.10992051339425069,0.13322780412962548
jitter,3,periodic,OOB,0.05564552524322152,0.2312588979191881
jitter,3,periodic,improved_UOB,-0.07802405757551102,0.12578786047407886
jitter,3,periodic,WEOB2,-0.22724233353738893,0.0075918457254724485
jitter,3,periodic,UOB,-0.36860895786128195,0.21217373448117108
jitter,4,incremental,improved_OOB,0.27170029565668746,0.331375730827521
jitter,4,incremental,WEOB1,0.09475427079336401,0.3927881927145356
jitter,4,incremental,OOB,0.379512099123103,-0.19045504931562368
jitter,4,incremental,improved_UOB,-0.42681739532338386,0.289614525892307
jitter,4,incremental,WEOB2,-0.2385213026269897,-0.1841208187078087
jitter,4,incremental,UOB,0.379512099123103,-0.19045504931562368
jitter,4,sudden,improved_OOB,0.20918261736987,0.27487163848174945
jitter,4,sudden,WEOB1,0.1526313512481251,0.3503754378950165
jitter,4,sudden,OOB,0.2863542239931027,-0.2749742872149422
jitter,4,sudden,improved_UOB,0.038503516144872255,0.23997317468888196
jitter,4,sudden,WEOB2,-0.6914895297582453,0.1293783295357435
jitter,4,sudden,UOB,0.2863542239931027,-0.2749742872149422
jitter,4,periodic,improved_OOB,0.27170029565668746,0.331375730827521
jitter,4,periodic,WEOB1,0.09475427079336401,0.3927881927145356
jitter,4,periodic,OOB,0.379512099123103,-0.19045504931562368
jitter,4,periodic,improved_UOB,-0.42681739532338386,0.289614525892307
jitter,4,periodic,WEOB2,-0.2385213026269897,-0.1841208187078087
jitter,4,periodic,UOB,0.379512099123103,-0.19045504931562368
disappearing-minority,1,incremental,improved_OOB,0.27939356261524007,0.1106675785740601
disappearing-minority,1,incremental,WEOB1,0.1760673195892113,0.1519974299406916
disappearing-minority,1,incremental,OOB,0.22054120366594676,0.14888106516375982
disappearing-minority,1,incremental,improved_UOB,-0.4451026356158881,0.15412052045135533
disappearing-minority,1,incremental,WEOB2,-0.4807513095608122,0.14292604201145717
disappearing-minority,1,incremental,UOB,-0.4557806737628229,0.12797071738192434
disappearing-minority,1,sudden,improved_OOB,0.2737499613198695,0.10288272329199179
disappearing-minority,1,sudden,WEOB1,0.21276464847407267,0.14723478524266007
disappearing-minority,1,sudden,OOB,0.2163503379131369,0.1448285261923671
disappearing-minority,1,sudden,improved_UOB,-0.4864949506040259,0.14950535299506496
disappearing-minority,1,sudden,WEOB2,-0.49178650436710586,0.13722266766385113
disappearing-minority,1,sudden,UOB,-0.43814893778507313,0.12092239234669737
disappearing-minority,1,periodic,improved_OOB,0.19499753944451925,0.05757247718453158
disappearing-minority,1,periodic,WEOB1,0.018975756498342943,0.14962301957652263
disappearing-minority,1,periodic,OOB,0.07225280491753971,0.10802455083521154
disappearing-minority,1,periodic,improved_UOB,-0.3134480953679264,0.175495275764759
disappearing-minority,1,periodic,WEOB2,-0.34028092530439746,0.16097124853295172
disappearing-minority,1,periodic,UOB,-0.2866842033344081,0.16069302852461134
disappearing-minority,2,incremental,improved_OOB,0.23266337556652908,0.11226039786477333
disappearing-minority,2,incremental,WEOB1,0.07158327055785851,0.1418605270097541
disappearing-minority,2,incremental,OOB,0.19857889770728343,0.17883840330376627
disappearing-minority,2,incremental,improved_UOB,-0.3338888337910314,0.12962462411309297
disappearing-minority,2,incremental,WEOB2,-0.410886446380112,0.09761207757010873
disappearing-minority,2,incremental,UOB,-0.48970282061583187,0.1497503207058802
disappearing-minority,2,sudden,improved_OOB,0.23153160493220162,0.1043092030999011
disappearing-minority,2,sudden,WEOB1,0.18531440612431185,0.13149263955718754
disappearing-minority,2,sudden,OOB,0.19956392695776384,0.17826988090256418
disappearing-minority,2,sudden,improved_UOB,-0.407458022304401,0.1170602803052526
disappearing-minority,2,sudden,WEOB2,-0.44842755507096527,0.07806487342931928
disappearing-minority,2,sudden,UOB,-0.496576075039373,0.14157509884799055
disappearing-minority,2,periodic,improved_OOB,0.07971882780625908,0.092507752610881
disappearing-minority,2,periodic,WEOB1,-0.011692469138550744,0.13581643578451733
disappearing-minority,2,periodic,OOB,0.02261106829781035,0.13141133783903383
disappearing-minority,2,periodic,improved_UOB,-0.19462081797466993,0.14626252148350777
disappearing-minority,2,periodic,WEOB2,-0.22726449821355438,0.13177658078486829
disappearing-minority,2,periodic,UOB,-0.3114668990971142,0.1580605978400683
disappearing-minority,3,incremental,improved_OOB,0.26154440435428117,0.09714210991611363
disappearing-minority,3,incremental,WEOB1,0.1854797288640196,0.12411837200169831
disappearing-minority,3,incremental,OOB,0.20869673810230965,0.18024764709307037
disappearing-minority,3,incremental,improved_UOB,-0.4053517423807819,0.12923639145757504
disappearing-minority,3,incremental,WEOB2,-0.40061877828997583,0.0983915586722099
disappearing-minority,3,incremental,UOB,-0.5396558596132223,0.18286065242130858
disappearing-minority,3,sudden,improved_OOB,0.28017763492665204,0.06885455285235752
disappearing-minority,3,sudden,WEOB1,0.23262677294019468,0.10616786919845234
disappearing-minority,3,sudden,OOB,0.23014441815400646,0.19346317891698564
disappearing-minority,3,sudden,improved_UOB,-0.4144237846257659,0.1150976405878633
disappearing-minority,3,sudden,WEOB2,-0.46164798688927994,0.06736659726875102
disappearing-minority,3,sudden,UOB,-0.560247716228212,0.19654420734785935
disappearing-minority,3,periodic,improved_OOB,0.16496929599478774,0.059976414762884525
disappearing-minority,3,periodic,WEOB1,0.04867483751346343,0.1303826558989272
disappearing-minority,3,periodic,OOB,-0.029442027589761447,0.13948933274479078
disappearing-minority,3,periodic,improved_UOB,-0.14175371216297625,0.14776896592373992
disappearing-minority,3,periodic,WEOB2,-0.22389414317535686,0.13297457644276517
disappearing-minority,3,periodic,UOB,-0.41397025472449905,0.18327731357405044
disappearing-minority,4,incremental,improved_OOB,0.17878968726667166,0.20782822325682357
disappearing-minority,4,incremental,WEOB1,0.08232745696468016,0.23592348272211688
disappearing-minority,4,incremental,OOB,0.2502835140738423,-0.0220638656268733
disappearing-minority,4,incremental,improved_UOB,-0.685520491637922,0.19281827912891591
disappearing-minority,4,incremental,WEOB2,-0.564161015886049,0.14876217186609292
disappearing-minority,4,incremental,UOB,0.2541887342688637,-0.03002983001462786
disappearing-minority,4,sudden,improved_OOB,0.1922060770214275,0.27643304564680526
disappearing-minority,4,sudden,WEOB1,0.1528488141167666,0.35225060130575225
disappearing-minority,4,sudden,OOB,0.2409903876320291,-0.27820074006322615
disappearing-minority,4,sudden,improved_UOB,-0.6258821093387681,0.2388865874318031
disappearing-minority,4,sudden,WEOB2,-0.7080183313349546,0.12783216509610146
disappearing-minority,4,sudden,UOB,0.2409903876320291,-0.27820074006322615
disappearing-minority,4,periodic,improved_OOB,0.2724729828084022,0.10772227345441475
disappearing-minority,4,periodic,WEOB1,0.09235448410387838,0.30486374252657245
disappearing-minority,4,periodic,OOB,0.3424853644580004,-0.006596132675591668
disappearing-minority,4,periodic,improved_UOB,-0.27022601053329537,0.3337245545937372
disappearing-minority,4,periodic,WEOB2,-0.5482422278433051,0.28226370993433114
disappearing-minority,4,periodic,UOB,-0.3040839313232685,-0.0662963594473517
appearing-minority,1,incremental,improved_OOB,0.20713616372948546,0.03799164786639464
appearing-minority,1,incremental,WEOB1,0.052523719846269544,0.1441380929842174
appearing-minority,1,incremental,OOB,0.11419510993263031,0.10346190852350572
appearing-minority,1,incremental,improved_UOB,-0.42197864869376295,0.20914509727466268
appearing-minority,1,incremental,WEOB2,-0.3685032311857371,0.1692348202891282
appearing-minority,1,incremental,UOB,-0.10737019487407616,0.13156805210654712
appearing-minority,1,sudden,improved_OOB,0.19036068689825839,0.09457117428275698
appearing-minority,1,sudden,WEOB1,0.08297877004140529,0.14940076769827212
appearing-minority,1,sudden,OOB,0.14417353121523357,0.14473422491477617
appearing-minority,1,sudden,improved_UOB,-0.3142223541755292,0.14830097032303877
appearing-minority,1,sudden,WEOB2,-0.28240059201492734,0.1210836661611017
appearing-minority,1,sudden,UOB,-0.34622821440621254,0.12512647296533017
appearing-minority,1,periodic,improved_OOB,0.33949398541121767,-0.09006039745421486
appearing-minority,1,periodic,WEOB1,0.2870140332863178,0.1811111832705547
appearing-minority,1,periodic,OOB,0.34041983598208947,-0.0647324327834781
appearing-minority,1,periodic,improved_UOB,-0.6504608473200547,0.46319327185348774
appearing-minority,1,periodic,WEOB2,-0.6456688975663066,0.4553351084556433
appearing-minority,1,periodic,UOB,-0.3219130627011145,-0.37538966099493426
appearing-minority,2,incremental,improved_OOB,0.21355376368730628,0.053772143704156734
appearing-minority,2,incremental,WEOB1,0.03911889885304007,0.15411429187370299
appearing-minority,2,incremental,OOB,0.14607358560819045,0.11320391957490586
appearing-minority,2,incremental,improved_UOB,-0.4247034785250577,0.2033297949058645
appearing-minority,2,incremental,WEOB2,-0.5219742258725191,0.20583847104697106
appearing-minority,2,incremental,UOB,0.03013287959287124,0.10433310947970119
appearing-minority,2,sudden,improved_OOB,0.18943834322248881,0.11470935326089857
appearing-minority,2,sudden,WEOB1,0.07332614902699612,0.15059807810844167
appearing-minority,2,sudden,OOB,0.09508841494150473,0.1565336975109084
appearing-minority,2,sudden,improved_UOB,-0.30468294271905305,0.13405881170161735
appearing-minority,2,sudden,WEOB2,-0.38789407691156186,0.1298711620192511
appearing-minority,2,sudden,UOB,-0.2559243254706658,0.11982633210481514
appearing-minority,2,periodic,improved_OOB,0.3501787977415986,-0.07669631744850165
appearing-minority,2,periodic,WEOB1,0.2860323785514871,0.1888230898072652
appearing-minority,2,periodic,OOB,0.34197065720376607,0.035699434706245176
appearing-minority,2,periodic,improved_UOB,-0.6378163892388797,0.3809822560571347
appearing-minority,2,periodic,WEOB2,-0.6062563910719823,0.32730261244809317
appearing-minority,2,periodic,UOB,-0.42633296485020444,-0.08636214276575208
appearing-minority,3,incremental,improved_OOB,0.35277636127483525,0.030635675052216624
appearing-minority,3,incremental,WEOB1,0.07036866272767905,0.16431548131505222
appearing-minority,3,incremental,OOB,0.2960606058700961,0.12242353004532343
appearing-minority,3,incremental,improved_UOB,-0.37898603638843137,0.24134781998268778
appearing-minority,3,incremental,WEOB2,-0.6472236387251648,0.2507000908325582
appearing-minority,3,incremental,UOB,-0.16207054300547377,0.07985702352904478
appearing-minority,3,sudden,improved_OOB,0.32404627646197615,0.08056444626279391
appearing-minority,3,sudden,WEOB1,0.1449550426675793,0.15914164829506686
appearing-minority,3,sudden,OOB,0.059552423202617985,0.19871881191869945
appearing-minority,3,sudden,improved_UOB,-0.39712474611544124,0.112717229515591
appearing-minority,3,sudden,WEOB2,-0.5115431933978158,0.08082227258830757
appearing-minority,3,sudden,UOB,-0.32403408224858776,0.13989620057733262
appearing-minority,3,periodic,improved_OOB,0.35143583982838505,0.016048590902128748
appearing-minority,3,periodic,WEOB1,0.25357147967092175,0.26570822909753117
appearing-minority,3,periodic,OOB,0.3500187541664778,0.20083526914109703
appearing-minority,3,periodic,improved_UOB,-0.6485641601716149,0.3819843305934203
appearing-minority,3,periodic,WEOB2,-0.4658055185622614,0.23666898538145928
appearing-minority,3,periodic,UOB,-0.468011011413744,-0.08729588928030613
appearing-minority,4,incremental,improved_OOB,0.44213295793996954,-0.03065229506110952
appearing-minority,4,incremental,WEOB1,0.13181687524450456,0.1639678847680398
appearing-minority,4,incremental,OOB,0.27852493871676276,0.15452053378048147
appearing-minority,4,incremental,improved_UOB,-0.35666190749307947,0.21968139474135925
appearing-minority,4,incremental,WEOB2,-0.5578115133832521,0.2589403317444848
appearing-minority,4,incremental,UOB,-0.16091869469623737,0.11170268574064607
appearing-minority,4,sudden,improved_OOB,0.4029201375090808,0.13804205012831108
appearing-minority,4,sudden,WEOB1,0.19288799408911725,0.2304036588752896
appearing-minority,4,sudden,OOB,0.17045401858215528,0.25423007176932755
appearing-minority,4,sudden,improved_UOB,-0.3761564379828213,0.08526347759864383
appearing-minority,4,sudden,WEOB2,-0.5970798624909193,0.03752773114827213
appearing-minority,4,sudden,UOB,-0.33805416800240784,0.18639651231077423
appearing-minority,4,periodic,improved_OOB,0.384307673852674,0.02794081850704531
appearing-minority,4,periodic,WEOB1,0.3095484972466186,0.13110556730372033
appearing-minority,4,periodic,OOB,0.34444399924554475,0.11023622392794936
appearing-minority,4,periodic,improved_UOB,-0.5960028488547642,0.283189751517542
appearing-minority,4,periodic,WEOB2,-0.615692326147326,0.19791836111348377
appearing-minority,4,periodic,UOB,-0.5620845481222906,0.07145245738185863
appearing-clusters,1,incremental,improved_OOB,0.011392999268699985,0.10729410022577135
appearing-clusters,1,incremental,WEOB1,-0.09712407598567672,0.18187399090596226
appearing-clusters,1,incremental,OOB,0.017854053382901136,0.16174767878301924
appearing-clusters,1,incremental,improved_UOB,-0.289672030241447,0.19748792307771632
appearing-clusters,1,incremental,WEOB2,-0.27453397823366016,0.10363912957777298
appearing-clusters,1,incremental,UOB,-0.27123467319825406,0.17672196689833192
appearing-clusters,1,sudden,improved_OOB,0.05203254030416212,0.13814616846526728
appearing-clusters,1,sudden,WEOB1,-0.07828256913224012,0.18965161160159502
appearing-clusters,1,sudden,OOB,-0.05515700865287346,0.17700969275993503
appearing-clusters,1,sudden,improved_UOB,-0.264169016378862,0.1965458406126149
appearing-clusters,1,sudden,WEOB2,-0.2352509438443414,0.042620431953532587
appearing-clusters,1,sudden,UOB,-0.32758963168323507,0.19445880869940615
appearing-clusters,1,periodic,improved_OOB,0.08454875551076026,0.12160152809588685
appearing-clusters,1,periodic,WEOB1,-0.029594037547356344,0.14654085032237718
appearing-clusters,1,periodic,OOB,0.055474661704066786,0.12939804362302618
appearing-clusters,1,periodic,improved_UOB,-0.25809232340797444,0.153891149236859
appearing-clusters,1,periodic,WEOB2,-0.36322837300619937,0.15576696817436567
appearing-clusters,1,periodic,UOB,-0.2593041917119894,0.14251366687270473
appearing-clusters,2,incremental,improved_OOB,0.02466383324101422,0.1682601028299876
appearing-clusters,2,incremental,WEOB1,-0.07492780750183457,0.19949214156271838
appearing-clusters,2,incremental,OOB,-0.04044112422666771,0.2330966123911645
appearing-clusters,2,incremental,improved_UOB,-0.28391623750757566,0.1824367018525628
appearing-clusters,2,incremental,WEOB2,-0.2913492930567209,0.11569394802610741
appearing-clusters,2,incremental,UOB,-0.356390485520281,0.17536315377067405
appearing-clusters,2,sudden,improved_OOB,-0.006373329917365668,0.16048172410235173
appearing-clusters,2,sudden,WEOB1,-0.06722782534484814,0.1930580756340678
appearing-clusters,2,sudden,OOB,-0.07670624067486033,0.22419308672359992
appearing-clusters,2,sudden,improved_UOB,-0.2058069779814465,0.17104364286752788
appearing-clusters,2,sudden,WEOB2,-0.304651970895595,0.127492948813815
appearing-clusters,2,sudden,UOB,-0.33582852614721326,0.1697065380089277
appearing-clusters,2,periodic,improved_OOB,0.135341587944553,0.13697103852719122
appearing-clusters,2,periodic,WEOB1,0.02152633145467979,0.1480348600127827
appearing-clusters,2,periodic,OOB,0.1647310690646052,0.12004714196463281
appearing-clusters,2,periodic,improved_UOB,-0.20205879222461176,0.150330062882149
appearing-clusters,2,periodic,WEOB2,-0.4462670544475,0.1585713920684096
appearing-clusters,2,periodic,UOB,-0.374231117651842,0.1354865281985568
appearing-clusters,3,incremental,improved_OOB,-0.03542442956617055,0.22575790311458754
appearing-clusters,3,incremental,WEOB1,-0.1685144273646772,0.2766256971651705
appearing-clusters,3,incremental,OOB,-0.031312057096293644,0.27499022007388063
appearing-clusters,3,incremental,improved_UOB,-0.4037699668264447,0.2533662452268233
appearing-clusters,3,incremental,WEOB2,-0.2955445175735385,0.15615698183631146
appearing-clusters,3,incremental,UOB,-0.21842624341483746,0.1826363319341746
appearing-clusters,3,sudden,improved_OOB,-0.1016320153834493,0.2596090738976866
appearing-clusters,3,sudden,WEOB1,-0.23735303058865034,0.30921881493876713
appearing-clusters,3,sudden,OOB,-0.00646295988730992,0.25277986063442354
appearing-clusters,3,sudden,improved_UOB,-0.4011479270603681,0.27438427847495545
appearing-clusters,3,sudden,WEOB2,-0.3811894652158858,0.15166426873268843
appearing-clusters,3,sudden,UOB,0.0016288668719469756,0.10793150129886347
appearing-clusters,3,periodic,improved_OOB,0.026856903505134033,0.25708582232197313
appearing-clusters,3,periodic,WEOB1,-0.2082360528272796,0.3275797868058403
appearing-clusters,3,periodic,OOB,0.389100255611168,-0.14321088182659494
appearing-clusters,3,periodic,improved_UOB,-0.5036417761033408,0.32184685520585893
appearing-clusters,3,periodic,WEOB2,-0.610899744388832,0.3150217037215194
appearing-clusters,3,periodic,UOB,0.389100255611168,-0.14321088182659494
appearing-clusters,4,incremental,improved_OOB,-0.26979272563994444,0.29164686588480637
appearing-clusters,4,incremental,WEOB1,-0.35758264574108817,0.27546704316271947
appearing-clusters,4,incremental,OOB,-0.008967307399695054,0.2874107720532858
appearing-clusters,4,incremental,improved_UOB,-0.46312212676334025,0.21935570998476692
appearing-clusters,4,incremental,WEOB2,-0.3566972984875408,0.07427961602731736
appearing-clusters,4,incremental,UOB,0.5368778732366598,-0.17267314467851588
appearing-clusters,4,sudden,improved_OOB,-0.19244908563131358,0.23813815967883412
appearing-clusters,4,sudden,WEOB1,-0.2659190497176373,0.2468733698957092
appearing-clusters,4,sudden,OOB,-0.04187605244251267,0.317056081134917
appearing-clusters,4,sudden,improved_UOB,-0.369061437724208,0.19701482075806104
appearing-clusters,4,sudden,WEOB2,-0.3162715831779298,0.10082993940677462
appearing-clusters,4,sudden,UOB,0.4496096566990858,-0.10396533776114486
appearing-clusters,4,periodic,improved_OOB,-0.1406014630425968,0.4456884042562452
appearing-clusters,4,periodic,WEOB1,-0.2319557531428093,0.4395956873803443
appearing-clusters,4,periodic,OOB,0.40826187063152614,-0.3603624516878713
appearing-clusters,4,periodic,improved_UOB,-0.3210519238507175,0.4423817328048748
appearing-clusters,4,periodic,WEOB2,-0.5617916081312238,0.4550864581554616
appearing-clusters,4,periodic,UOB,0.4382083918687763,-0.5449135418445383
shapeshift,1,incremental,improved_OOB,0.20460842043586452,0.06654018252094049
shapeshift,1,incremental,WEOB1,0.028840851771652073,0.143245491639452
shapeshift,1,incremental,OOB,0.1295656576791678,0.10958955017396425
shapeshift,1,incremental,improved_UOB,-0.3046229070330192,0.1657954937385227
shapeshift,1,incremental,WEOB2,-0.33364722972154076,0.16372626058061396
shapeshift,1,incremental,UOB,-0.2442896213167239,0.15223605179245317
shapeshift,1,sudden,improved_OOB,0.2041452200975382,0.06417892116208891
shapeshift,1,sudden,WEOB1,0.04833108847271409,0.14055012944350848
shapeshift,1,sudden,OOB,0.12199567558440279,0.11411342890784748
shapeshift,1,sudden,improved_UOB,-0.28881722961716927,0.17119749297943576
shapeshift,1,sudden,WEOB2,-0.34998659010264566,0.1604090318416798
shapeshift,1,sudden,UOB,-0.26150452011309966,0.15220452534108883
shapeshift,1,periodic,improved_OOB,0.16917086172790044,0.07224454234691932
shapeshift,1,periodic,WEOB1,0.03428286890786786,0.13936298420804338
shapeshift,1,periodic,OOB,0.0780279448723813,0.12190538151688154
shapeshift,1,periodic,improved_UOB,-0.2772011013800675,0.1555391408764984
shapeshift,1,periodic,WEOB2,-0.3372492579971392,0.1577993894846209
shapeshift,1,periodic,UOB,-0.2751162737543139,0.1553383148668734
shapeshift,2,incremental,improved_OOB,0.10491530145119184,0.09061480779279091
shapeshift,2,incremental,WEOB1,0.007156187348046755,0.12639719714510375
shapeshift,2,incremental,OOB,0.025267828318177844,0.15820859025528222
shapeshift,2,incremental,improved_UOB,-0.20297211353883574,0.13451797194066178
shapeshift,2,incremental,WEOB2,-0.24906018429473067,0.12178078221418308
shapeshift,2,incremental,UOB,-0.33305703106361845,0.166729339053123
shapeshift,2,sudden,improved_OOB,0.09960656751633737,0.09788068318105562
shapeshift,2,sudden,WEOB1,0.008535829966908472,0.1267483970235367
shapeshift,2,sudden,OOB,0.013092438953973665,0.1711386255314738
shapeshift,2,sudden,improved_UOB,-0.20367118900149292,0.13015234715289303
shapeshift,2,sudden,WEOB2,-0.25098362982990313,0.11195276886307133
shapeshift,2,sudden,UOB,-0.3282487128628541,0.16145626267366872
shapeshift,2,periodic,improved_OOB,0.09352686317382658,0.08903051495647389
shapeshift,2,periodic,WEOB1,0.007192086387526438,0.1278062620851637
shapeshift,2,periodic,OOB,0.023112469054674567,0.16491338908818268
shapeshift,2,periodic,improved_UOB,-0.19434547589421108,0.12759000695038045
shapeshift,2,periodic,WEOB2,-0.21215002707139474,0.11273245475541366
shapeshift,2,periodic,UOB,-0.2930973192560258,0.15296369194480658
shapeshift,3,incremental,improved_OOB,0.12169338549233362,0.09005306240472735
shapeshift,3,incremental,WEOB1,0.03573886188731683,0.10576088877663326
shapeshift,3,incremental,OOB,-0.015152685501041114,0.20309683504310716
shapeshift,3,incremental,improved_UOB,-0.1290587403018523,0.10383154654507554
shapeshift,3,incremental,WEOB2,-0.20847946309818424,0.10114038499882211
shapeshift,3,incremental,UOB,-0.37135424839210807,0.19733760347919233
shapeshift,3,sudden,improved_OOB,0.16525621622123415,0.06139146922525492
shapeshift,3,sudden,WEOB1,0.05228145886290565,0.0969182859016068
shapeshift,3,sudden,OOB,-0.02807157273443748,0.2237273663497218
shapeshift,3,sudden,improved_UOB,-0.13466432932900296,0.09968397500189817
shapeshift,3,sudden,WEOB2,-0.17992970064596306,0.1130298266105481
shapeshift,3,sudden,UOB,-0.413645501408133,0.2057420851440292
shapeshift,3,periodic,improved_OOB,0.12909990300054258,0.0831456716622618
shapeshift,3,periodic,WEOB1,0.04405695956015844,0.10720886511790896
shapeshift,3,periodic,OOB,-0.04944425207116563,0.21541986868019436
shapeshift,3,periodic,improved_UOB,-0.13636500499334897,0.10317207189212108
shapeshift,3,periodic,WEOB2,-0.12256629492887117,0.04958601333904047
shapeshift,3,periodic,UOB,-0.3719410748024538,0.19293587255317704
shapeshift,4,incremental,improved_OOB,0.0887212936880416,0.3004794335496068
shapeshift,4,incremental,WEOB1,-0.06049092318799357,0.35164428751188886
shapeshift,4,incremental,OOB,0.4334216254349055,-0.2906118867053244
shapeshift,4,incremental,improved_UOB,-0.3267678820086286,0.2799612059404441
shapeshift,4,incremental,WEOB2,-0.5282825682376274,0.21703824338733044
shapeshift,4,incremental,UOB,0.4334216254349055,-0.2906118867053244
shapeshift,4,sudden,improved_OOB,0.09522830646864208,0.21334396991832744
shapeshift,4,sudden,WEOB1,-0.016259930619378964,0.28490370787399444
shapeshift,4,sudden,OOB,0.35575794301317487,-0.23633287359182722
shapeshift,4,sudden,improved_UOB,-0.21188643071106766,0.24763596624933926
shapeshift,4,sudden,WEOB2,-0.40605099901500497,0.2292993436594044
shapeshift,4,sudden,UOB,0.35575794301317487,-0.23633287359182722
shapeshift,4,periodic,improved_OOB,0.07011280613650615,0.31660209274686185
shapeshift,4,periodic,WEOB1,-0.09059367791530439,0.3760240392991631
shapeshift,4,periodic,OOB,0.3163704668300621,-0.25482787967990306
shapeshift,4,periodic,improved_UOB,-0.3987989123698945,0.3131234233352894
shapeshift,4,periodic,WEOB2,-0.3489881829489925,0.04650114841082491
shapeshift,4,periodic,UOB,0.3163704668300621,-0.25482787967990306
minority-share,1,incremental,improved_OOB,0.17983124431996025,0.093237321752979
minority-share,1,incremental,WEOB1,0.038265576724602186,0.15582227887147612
minority-share,1,incremental,OOB,0.08768815934860373,0.12849257731067493
minority-share,1,incremental,improved_UOB,-0.3049543819758406,0.16708810063049276
minority-share,1,incremental,WEOB2,-0.34457629821468544,0.1615009234212514
minority-share,1,incremental,UOB,-0.26307909914969124,0.15450715947197907
minority-share,1,sudden,improved_OOB,0.16527827169390008,0.09127733658875546
minority-share,1,sudden,WEOB1,0.04484817173915848,0.15065136881990202
minority-share,1,sudden,OOB,0.08416274973831536,0.12901083798491236
minority-share,1,sudden,improved_UOB,-0.3013510910238638,0.15602045801665992
minority-share,1,sudden,WEOB2,-0.3480276114975268,0.1465667352856344
minority-share,1,sudden,UOB,-0.26630694492161866,0.13881228681332713
minority-share,1,periodic,improved_OOB,0.24346896613811675,0.10516988585509382
minority-share,1,periodic,WEOB1,0.07045443277360998,0.1567870376882399
minority-share,1,periodic,OOB,0.1738886667554793,0.14885188267661714
minority-share,1,periodic,improved_UOB,-0.4157916132727468,0.16375157619464256
minority-share,1,periodic,WEOB2,-0.45733812098855453,0.15367753844784707
minority-share,1,periodic,UOB,-0.37267926820917546,0.137533368703489
minority-share,2,incremental,improved_OOB,0.04376716619081085,0.10886045795775773
minority-share,2,incremental,WEOB1,-0.032150561741211225,0.1460115161461049
minority-share,2,incremental,OOB,-0.02131695149891085,0.14246519404306238
minority-share,2,incremental,improved_UOB,-0.1940050428432299,0.1466606387609666
minority-share,2,incremental,WEOB2,-0.2203524953985207,0.13497011431687808
minority-share,2,incremental,UOB,-0.2894082146244455,0.15723760596623654
minority-share,2,sudden,improved_OOB,0.062130314792519896,0.10768664068022821
minority-share,2,sudden,WEOB1,-0.014193084406800345,0.13352612171321684
minority-share,2,sudden,OOB,0.0032816626575164418,0.15982459734517604
minority-share,2,sudden,improved_UOB,-0.2100543933152093,0.1263482190159845
minority-share,2,sudden,WEOB2,-0.23387878536630458,0.10373916288663297
minority-share,2,sudden,UOB,-0.31880627792476146,0.14282469450887486
minority-share,2,periodic,improved_OOB,0.21443077689721793,0.11455619313870236
minority-share,2,periodic,WEOB1,0.09706596150028027,0.1444918336704805
minority-share,2,periodic,OOB,0.1681772987056199,0.17451426190907068
minority-share,2,periodic,improved_UOB,-0.34823488752962334,0.13663789945183946
minority-share,2,periodic,WEOB2,-0.4102476381523923,0.10865293614905235
minority-share,2,periodic,UOB,-0.4545901902723286,0.15441729927416928
minority-share,3,incremental,improved_OOB,0.10580201556697447,0.04400544183953584
minority-share,3,incremental,WEOB1,0.009512872926984363,0.1545823347141721
minority-share,3,incremental,OOB,-0.007620317478543107,0.10802005842885976
minority-share,3,incremental,improved_UOB,-0.14134733316221607,0.16290531925648866
minority-share,3,incremental,WEOB2,-0.23858101980352914,0.14605228621155417
minority-share,3,incremental,UOB,-0.42001665353681017,0.19516423657650944
minority-share,3,sudden,improved_OOB,0.13537971513579034,0.0837976603747155
minority-share,3,sudden,WEOB1,0.02998180689290525,0.11854444317249825
minority-share,3,sudden,OOB,0.0017266498636226842,0.17627039962264165
minority-share,3,sudden,improved_UOB,-0.14386612027292447,0.12469790493147102
minority-share,3,sudden,WEOB2,-0.2255485170220291,0.08955392988674149
minority-share,3,sudden,UOB,-0.41449745281030936,0.1793225278631695
minority-share,3,periodic,improved_OOB,0.25324107881963626,0.10452417562844289
minority-share,3,periodic,WEOB1,0.1436522926132724,0.137815688019759
minority-share,3,periodic,OOB,0.16807745047602263,0.15514310627806976
minority-share,3,periodic,improved_UOB,-0.332061040161307,0.1413448840078119
minority-share,3,periodic,WEOB2,-0.3962213571272267,0.11669383344469766
minority-share,3,periodic,UOB,-0.5088357129142155,0.18343544266976863
minority-share,4,incremental,improved_OOB,0.03324505070861385,0.11189624258164296
minority-share,4,incremental,WEOB1,-0.04014262674192729,0.2205957089203162
minority-share,4,incremental,OOB,0.03651597086626165,0.03184820675504805
minority-share,4,incremental,improved_UOB,-0.23788841626905244,0.21686935378993707
minority-share,4,incremental,WEOB2,-0.5687342588135281,0.19661344325541044
minority-share,4,incremental,UOB,0.04205401675293712,0.02759673416146987
minority-share,4,sudden,improved_OOB,0.06539383220456899,0.2361361580069569
minority-share,4,sudden,WEOB1,-0.08178204347347758,0.3221527231377034
minority-share,4,sudden,OOB,0.3306477009538822,-0.2018077849614019
minority-share,4,sudden,improved_UOB,-0.3646537371960627,0.25365179914581315
minority-share,4,sudden,WEOB2,-0.6693522990461178,0.191397989450525
minority-share,4,sudden,UOB,0.3306477009538822,-0.2018077849614019
minority-share,4,periodic,improved_OOB,0.19918623971622954,0.15506862926820147
minority-share,4,periodic,WEOB1,0.15802395286441245,0.2439855354323511
minority-share,4,periodic,OOB,0.31783338120997795,0.02181823926692519
minority-share,4,periodic,improved_UOB,-0.46039449726195103,0.22117909735555855
minority-share,4,periodic,WEOB2,-0.5680993152799728,0.1837031275995854
minority-share,4,periodic,UOB,-0.35072601085453176,-0.014452315987202351
splitting-clusters,1,incremental,improved_OOB,0.0683623099078478,0.08435385242585161
splitting-clusters,1,incremental,WEOB1,-0.05488320692258977,0.17720686306012723
splitting-clusters,1,incremental,OOB,-0.01888069286233646,0.16009014245536907
splitting-clusters,1,incremental,improved_UOB,-0.20201759485838017,0.19933328068221604
splitting-clusters,1,incremental,WEOB2,-0.12958936883093033,0.12364583423325722
splitting-clusters,1,incremental,UOB,-0.30781650804302446,0.20443486602242852
splitting-clusters,1,sudden,improved_OOB,0.058764846730391104,0.1414598533833335
splitting-clusters,1,sudden,WEOB1,-0.03925210046728484,0.1924446492285307
splitting-clusters,1,sudden,OOB,0.01412692240535715,0.2066249113842338
splitting-clusters,1,sudden,improved_UOB,-0.18762617431621417,0.16482735908374113
splitting-clusters,1,sudden,WEOB2,-0.12005075196270311,0.09272612437115497
splitting-clusters,1,sudden,UOB,-0.3848828715130903,0.13975021338598553
splitting-clusters,1,periodic,improved_OOB,0.1281494480937084,0.05801514790993799
splitting-clusters,1,periodic,WEOB1,-0.01610995320788361,0.13217773326991905
splitting-clusters,1,periodic,OOB,0.05561086265116929,0.1023223822992413
splitting-clusters,1,periodic,improved_UOB,-0.24364247464451752,0.18286623741047842
splitting-clusters,1,periodic,WEOB2,-0.25279916890414583,0.18426195444430482
splitting-clusters,1,periodic,UOB,-0.2915343656114284,0.18296448191734865
splitting-clusters,2,incremental,improved_OOB,0.012702851259252638,0.11210969427983247
splitting-clusters,2,incremental,WEOB1,-0.047964498179963455,0.1585089447220474
splitting-clusters,2,incremental,OOB,-0.11297173195833186,0.18205530389724922
splitting-clusters,2,incremental,improved_UOB,-0.14246822475356694,0.1563492665573461
splitting-clusters,2,incremental,WEOB2,-0.16414868189308698,0.11614072659581197
splitting-clusters,2,incremental,UOB,-0.25996515250146385,0.2068768382574833
splitting-clusters,2,sudden,improved_OOB,0.04770148140870971,0.15988212918980801
splitting-clusters,2,sudden,WEOB1,-0.08325411131128899,0.2103811001862439
splitting-clusters,2,sudden,OOB,-0.089291374153196,0.26186201372244056
splitting-clusters,2,sudden,improved_UOB,-0.23419053880813004,0.19917101477484614
splitting-clusters,2,sudden,WEOB2,-0.09234476151030453,-0.01367669960795368
splitting-clusters,2,sudden,UOB,-0.3010906722961879,0.18159582050046535
splitting-clusters,2,periodic,improved_OOB,0.09604612228240442,0.08925094741017321
splitting-clusters,2,periodic,WEOB1,-0.016750312166845267,0.1474817373832851
splitting-clusters,2,periodic,OOB,-0.03472363558232807,0.17097452619385886
splitting-clusters,2,periodic,improved_UOB,-0.2501513438251876,0.1551379655363848
splitting-clusters,2,periodic,WEOB2,-0.23562628580444225,0.16763596050730886
splitting-clusters,2,periodic,UOB,-0.2698747968854717,0.1755345701055354
splitting-clusters,3,incremental,improved_OOB,0.10869271414653457,0.15856181815544837
splitting-clusters,3,incremental,WEOB1,0.01022384146409933,0.2175388625930082
splitting-clusters,3,incremental,OOB,0.07713996948790101,0.017398162297390714
splitting-clusters,3,incremental,improved_UOB,-0.14238450656960083,0.23377092232300326
splitting-clusters,3,incremental,WEOB2,-0.18614794129737777,0.19345003050415946
splitting-clusters,3,incremental,UOB,-0.38001948113369116,-0.0078088834926798665
splitting-clusters,3,sudden,improved_OOB,0.011927088797272821,0.18496600975426888
splitting-clusters,3,sudden,WEOB1,-0.13819145325305668,0.2669064999463286
splitting-clusters,3,sudden,OOB,0.13516083330559117,0.02013643566699316
splitting-clusters,3,sudden,improved_UOB,-0.3087158915284953,0.2513976362112032
splitting-clusters,3,sudden,WEOB2,-0.23307987491953674,0.1735195541019887
splitting-clusters,3,sudden,UOB,-0.10717810206911721,-0.09939829232724116
splitting-clusters,3,periodic,improved_OOB,0.04804563322016091,0.19667303495470273
splitting-clusters,3,periodic,WEOB1,-0.11535833041624469,0.2751718704278532
splitting-clusters,3,periodic,OOB,0.23181852489462812,-0.12677030571453912
splitting-clusters,3,periodic,improved_UOB,-0.37188440727822264,0.2834132387956011
splitting-clusters,3,periodic,WEOB2,-0.3114905098160151,0.26647053458684855
splitting-clusters,3,periodic,UOB,0.105578614905665,-0.18389561683734137
splitting-clusters,4,incremental,improved_OOB,0.07535771140634065,0.21908736711636398
splitting-clusters,4,incremental,WEOB1,0.01928985580531889,0.29460091954931866
splitting-clusters,4,incremental,OOB,-0.013557719591428524,0.20091844676936566
splitting-clusters,4,incremental,improved_UOB,-0.03921450837138832,0.2995191243454582
splitting-clusters,4,incremental,WEOB2,-0.024626167498221704,0.19442723388587058
splitting-clusters,4,incremental,UOB,-0.599874640863332,0.1718944311489168
splitting-clusters,4,sudden,improved_OOB,0.12140724068837723,0.1793731105179879
splitting-clusters,4,sudden,WEOB1,-0.020602073648927674,0.28119539336694044
splitting-clusters,4,sudden,OOB,-0.22580610801290785,0.3102900882989165
splitting-clusters,4,sudden,improved_UOB,-0.22841898214328515,0.26511447696631824
splitting-clusters,4,sudden,WEOB2,-0.2283373992789084,0.006845055376692918
splitting-clusters,4,sudden,UOB,-0.2978225136772356,0.11638776097362771
splitting-clusters,4,periodic,improved_OOB,-0.11379521643575169,0.2078746909342385
splitting-clusters,4,periodic,WEOB1,0.12248945400105615,0.3975298543029078
splitting-clusters,4,periodic,OOB,-0.1793960680765193,0.1558180992282257
splitting-clusters,4,periodic,improved_UOB,-0.15691242720846627,0.28988144227431295
splitting-clusters,4,periodic,WEOB2,-0.08908480720088398,0.11723406861932519
splitting-clusters,4,periodic,UOB,-0.46136751168171614,-0.06983896499563072
clusters-movement,1,incremental,improved_OOB,0.19096803038009644,0.14381732857307408
clusters-movement,1,incremental,WEOB1,0.1400165523010529,0.16954844484658724
clusters-movement,1,incremental,OOB,0.10985089173139445,0.20144289403360305
clusters-movement,1,incremental,improved_UOB,-0.13225779868037263,0.10419042472568715
clusters-movement,1,incremental,WEOB2,-0.37063458606106103,0.10974806765752584
clusters-movement,1,incremental,UOB,-0.24007958943915436,0.1485463397439389
clusters-movement,1,sudden,improved_OOB,0.24938036184955464,0.09207806421853047
clusters-movement,1,sudden,WEOB1,0.14484071892144815,0.1543582592122956
clusters-movement,1,sudden,OOB,0.16589226756376743,0.19757329820917421
clusters-movement,1,sudden,improved_UOB,-0.2686423416993215,0.17038283169993954
clusters-movement,1,sudden,WEOB2,-0.23111427965314227,0.10457863246452229
clusters-movement,1,sudden,UOB,-0.45779019887303163,0.19119001843668904
clusters-movement,1,periodic,improved_OOB,0.2238429872264504,0.05170118925158024
clusters-movement,1,periodic,WEOB1,0.08801135425128521,0.12415164638140802
clusters-movement,1,periodic,OOB,0.13600544669633732,0.12464846788039982
clusters-movement,1,periodic,improved_UOB,-0.30331554962378876,0.15188899370272468
clusters-movement,1,periodic,WEOB2,-0.3626659049835269,0.17487907198879768
clusters-movement,1,periodic,UOB,-0.34551527641502117,0.1484966811959221
clusters-movement,2,incremental,improved_OOB,0.14771573663451248,0.13773527879922093
clusters-movement,2,incremental,WEOB1,0.07726272110414709,0.18387909911560524
clusters-movement,2,incremental,OOB,0.04270281952994287,0.2297343117595654
clusters-movement,2,incremental,improved_UOB,-0.11179196305039896,0.17698677901178841
clusters-movement,2,incremental,WEOB2,-0.2078103842760202,-0.022505648650233846
clusters-movement,2,incremental,UOB,-0.2253503420986743,0.15920249024390437
clusters-movement,2,sudden,improved_OOB,0.1353816538361576,0.2088129327755192
clusters-movement,2,sudden,WEOB1,0.07866449294159776,0.23008195702923323
clusters-movement,2,sudden,OOB,0.07149001881214884,0.279269363623941
clusters-movement,2,sudden,improved_UOB,-0.09265338005934232,0.1595549755289688
clusters-movement,2,sudden,WEOB2,-0.180796957138403,-0.12128834669743276
clusters-movement,2,sudden,UOB,-0.4296728750622043,0.2060300588655908
clusters-movement,2,periodic,improved_OOB,0.13069927909748538,0.09164417126399892
clusters-movement,2,periodic,WEOB1,0.03963997441329951,0.1191955146433977
clusters-movement,2,periodic,OOB,0.053258275517755506,0.16870406517757125
clusters-movement,2,periodic,improved_UOB,-0.2592878473970246,0.11819922977817489
clusters-movement,2,periodic,WEOB2,-0.17661001016411934,0.10954747446671755
clusters-movement,2,periodic,UOB,-0.3736608534728773,0.14693268818918417
clusters-movement,3,incremental,improved_OOB,0.24337986997492672,0.1298508054994476
clusters-movement,3,incremental,WEOB1,0.14292183178887324,0.1655048184394346
clusters-movement,3,incremental,OOB,0.1265995232534352,0.2516697835839604
clusters-movement,3,incremental,improved_UOB,-0.09374947021478151,0.1733387222333499
clusters-movement,3,incremental,WEOB2,-0.18326907871450934,-0.032127109503893005
clusters-movement,3,incremental,UOB,-0.36355622597536125,0.24445747476733948
clusters-movement,3,sudden,improved_OOB,0.16305595661462344,0.16928997579205401
clusters-movement,3,sudden,WEOB1,0.10975344810396609,0.19211657543621546
clusters-movement,3,sudden,OOB,0.06867448028954623,0.2642765695771405
clusters-movement,3,sudden,improved_UOB,0.014112607048678748,0.17957128476875106
clusters-movement,3,sudden,WEOB2,-0.14753507240708183,-0.16881050949935306
clusters-movement,3,sudden,UOB,-0.5216867821869363,0.23489037430689308
clusters-movement,3,periodic,improved_OOB,0.20036789964152266,0.07908932768429276
clusters-movement,3,periodic,WEOB1,0.08072210967933324,0.09468067733721182
clusters-movement,3,periodic,OOB,0.03868640392070871,0.22961293136581748
clusters-movement,3,periodic,improved_UOB,-0.15072366537100604,0.06837014610608266
clusters-movement,3,periodic,WEOB2,-0.21890898802059758,0.08311018923195534
clusters-movement,3,periodic,UOB,-0.48079765974121674,0.16293806276460027
clusters-movement,4,incremental,improved_OOB,0.29595015142680536,0.22397564934062675
clusters-movement,4,incremental,WEOB1,0.2080840342914155,0.292186872123711
clusters-movement,4,incremental,OOB,0.23023446384022805,0.22498466006731
clusters-movement,4,incremental,improved_UOB,-0.017841222780827278,0.24035875972531698
clusters-movement,4,incremental,WEOB2,-0.4756949514485002,-0.0937357900373572
clusters-movement,4,incremental,UOB,-0.074378193771387,0.21564115856320082
clusters-movement,4,sudden,improved_OOB,0.3019002194261025,0.30555797293403986
clusters-movement,4,sudden,WEOB1,0.23301628704350155,0.31304117329975883
clusters-movement,4,sudden,OOB,0.289449156486778,0.27875213633408386
clusters-movement,4,sudden,improved_UOB,0.11905607017430056,0.2369119108848594
clusters-movement,4,sudden,WEOB2,-0.48541058553667404,-0.6869588267002411
clusters-movement,4,sudden,UOB,-0.37853265338736003,0.22740756578583068
clusters-movement,4,periodic,improved_OOB,0.3702517165463235,0.21824845261805162
clusters-movement,4,periodic,WEOB1,0.155573220219571,0.24551771488241764
clusters-movement,4,periodic,OOB,0.18546444997931233,0.19164557388900022
clusters-movement,4,periodic,improved_UOB,-0.29866568149642214,0.029507908555658536
clusters-movement,4,periodic,WEOB2,-0.5933169046208073,0.010228638461556496
clusters-movement,4,periodic,UOB,-0.32188180312928383,0.04141690007223074
borderline,1,incremental,improved_OOB,0.1987625869418565,0.10019894030469156
borderline,1,incremental,WEOB1,0.05793595189301166,0.14789140754804503
borderline,1,incremental,OOB,0.11912991116174275,0.1390348571650131
borderline,1,incremental,improved_UOB,-0.2929079279886414,0.15078474028428857
borderline,1,incremental,WEOB2,-0.3493655706524695,0.1434587265651535
borderline,1,incremental,UOB,-0.2577076687400642,0.13408338079274434
borderline,1,sudden,improved_OOB,0.1741355093432329,0.10925122363592159
borderline,1,sudden,WEOB1,0.05092617411587813,0.14768273410454752
borderline,1,sudden,OOB,0.10021499680780653,0.13890570535663013
borderline,1,sudden,improved_UOB,-0.2772126782486048,0.14933736477347817
borderline,1,sudden,WEOB2,-0.34711775534435374,0.14132557051436528
borderline,1,sudden,UOB,-0.26098502565877535,0.13090372881685697
borderline,1,periodic,improved_OOB,0.24031615191781094,0.11653942658877216
borderline,1,periodic,WEOB1,0.09068688915274833,0.1458370390356021
borderline,1,periodic,OOB,0.16834381677733265,0.1453554802641836
borderline,1,periodic,improved_UOB,-0.3102775420982015,0.14727107660914046
borderline,1,periodic,WEOB2,-0.39259520331249337,0.1398202434551816
borderline,1,periodic,UOB,-0.2782255181811574,0.12787696410823832
borderline,2,incremental,improved_OOB,0.11238624159205284,0.10499179168116972
borderline,2,incremental,WEOB1,0.01904014655966971,0.13291943400980205
borderline,2,incremental,OOB,0.027632519638665493,0.16158058178217968
borderline,2,incremental,improved_UOB,-0.18709678994840467,0.12487928172261308
borderline,2,incremental,WEOB2,-0.2586325884392623,0.1007538377045515
borderline,2,incremental,UOB,-0.33080348160679784,0.14274663676559277
borderline,2,sudden,improved_OOB,0.1055377764890071,0.11106559317233887
borderline,2,sudden,WEOB1,0.012371231690908646,0.13361178589567135
borderline,2,sudden,OOB,0.027752391927229,0.1623072477150552
borderline,2,sudden,improved_UOB,-0.2096659792650514,0.124447668931685
borderline,2,sudden,WEOB2,-0.2351432581186307,0.09900836584033845
borderline,2,sudden,UOB,-0.30491320802013605,0.13994313183129498
borderline,2,periodic,improved_OOB,0.17224570961438457,0.1105011084950888
borderline,2,periodic,WEOB1,0.04528100709686162,0.13288737076229498
borderline,2,periodic,OOB,0.07457624332804078,0.1744008252120535
borderline,2,periodic,improved_UOB,-0.23457657511488697,0.12012143150525104
borderline,2,periodic,WEOB2,-0.28209997722963037,0.08672216149776163
borderline,2,periodic,UOB,-0.34510423273817314,0.14111893552102034
borderline,3,incremental,improved_OOB,0.21104733220917657,0.08004855714377104
borderline,3,incremental,WEOB1,0.08444676606632205,0.1174387042703326
borderline,3,incremental,OOB,0.020374217625242122,0.18393126063828222
borderline,3,incremental,improved_UOB,-0.10429070947577229,0.12501977299797878
borderline,3,incremental,WEOB2,-0.1918563859076951,0.08587776749262196
borderline,3,incremental,UOB,-0.3848996976008489,0.18677453146866638
borderline,3,sudden,improved_OOB,0.16653118586681187,0.08535002895188022
borderline,3,sudden,WEOB1,0.050029907125593694,0.11815898597655498
borderline,3,sudden,OOB,0.02378839837433976,0.1848756204302706
borderline,3,sudden,improved_UOB,-0.12957881962711507,0.12466653325673023
borderline,3,sudden,WEOB2,-0.17295609405530094,0.08731253854449778
borderline,3,sudden,UOB,-0.39889540893137165,0.18852256206087628
borderline,3,periodic,improved_OOB,0.24799551982534396,0.07347063889720284
borderline,3,periodic,WEOB1,0.10958101114514839,0.10946950895000153
borderline,3,periodic,OOB,0.0357141100334025,0.19697912811764834
borderline,3,periodic,improved_UOB,-0.10777314197784228,0.11811520124687973
borderline,3,periodic,WEOB2,-0.28234416003719826,0.07045722809176287
borderline,3,periodic,UOB,-0.4119562157652581,0.19854662521128266
borderline,4,incremental,improved_OOB,0.12648089520678796,0.22030007698384915
borderline,4,incremental,WEOB1,-0.05693264048671406,0.3205323039210791
borderline,4,incremental,OOB,0.43260633986136715,-0.19363359942589978
borderline,4,incremental,improved_UOB,-0.3759474849085188,0.2347362338112323
borderline,4,incremental,WEOB2,-0.5673936601386329,0.13526065477246935
borderline,4,incremental,UOB,0.43260633986136715,-0.19363359942589978
borderline,4,sudden,improved_OOB,0.0661013609670961,0.23791904151110455
borderline,4,sudden,WEOB1,-0.07738579129182589,0.3059049579740827
borderline,4,sudden,OOB,0.32500357663903023,-0.1729070528509774
borderline,4,sudden,improved_UOB,-0.3491629323823841,0.2222066029570394
borderline,4,sudden,WEOB2,-0.5788295107426215,0.14089372325995975
borderline,4,sudden,UOB,0.32500357663903023,-0.1729070528509774
borderline,4,periodic,improved_OOB,0.16763040624561307,0.26688734062033365
borderline,4,periodic,WEOB1,0.0414922961894797,0.33382393011348394
borderline,4,periodic,OOB,0.4166350306799659,-0.2344601384254835
borderline,4,periodic,improved_UOB,-0.287244811436393,0.2298445310489685
borderline,4,periodic,WEOB2,-0.5833649693200341,0.12555013281266325
borderline,4,periodic,UOB,0.4166350306799659,-0.2344601384254835
