Instances,ds,alg,F_0,F_1
5000,KDDCup,improved_OOB,22.308543579283867,99.984270789673
10000,KDDCup,improved_OOB,99.99995310725312,99.03702637934542
15000,KDDCup,improved_OOB,99.49874998443319,99.99999995740613
20000,KDDCup,improved_OOB,74.36313682202534,99.07950005338486
25000,KDDCup,improved_OOB,77.0146076809503,99.9997962331834
30000,KDDCup,improved_OOB,82.23523476014677,99.999999720357
35000,KDDCup,improved_OOB,81.99590859355635,99.999999984429
40000,KDDCup,improved_OOB,94.31040107201831,94.72582930943659
45000,KDDCup,improved_OOB,99.99968554043723,97.85386807744757
50000,KDDCup,improved_OOB,100.0,97.85386807744757
55000,KDDCup,improved_OOB,95.74700999702688,71.99237397952332
60000,KDDCup,improved_OOB,99.48117078571956,30.685151039211956
65000,KDDCup,improved_OOB,98.63467367282067,13.07198400169614
70000,KDDCup,improved_OOB,99.27311708089543,5.57126652325823
75000,KDDCup,improved_OOB,97.40013499203654,99.5242063149145
80000,KDDCup,improved_OOB,94.78748545431857,99.99792455585079
85000,KDDCup,improved_OOB,96.2341381533079,99.99987813064244
90000,KDDCup,improved_OOB,98.19126494153092,99.99999995117774
95000,KDDCup,improved_OOB,99.9999985442424,95.9921145866716
100000,KDDCup,improved_OOB,100.0,95.9921145866716
105000,KDDCup,improved_OOB,99.74937343358395,99.9876561482847
110000,KDDCup,improved_OOB,99.37233272887259,66.95270331000343
115000,KDDCup,improved_OOB,98.81478984175598,30.521640133339268
120000,KDDCup,improved_OOB,99.18555055234455,11.389164271008752
125000,KDDCup,improved_OOB,99.99908638447575,5.145689287882908
130000,KDDCup,improved_OOB,99.99768433696502,13.694212421488078
135000,KDDCup,improved_OOB,100.0,13.694212421488078
140000,KDDCup,improved_OOB,98.79356610672008,99.99999890184519
145000,KDDCup,improved_OOB,98.5434769700412,98.45110679961827
150000,KDDCup,improved_OOB,99.59606149053253,98.30861189993178
155000,KDDCup,improved_OOB,99.99999999999612,98.30861189993178
160000,KDDCup,improved_OOB,100.0,98.30861189993178
165000,KDDCup,improved_OOB,100.0,98.30861189993178
170000,KDDCup,improved_OOB,100.0,98.30861189993178
175000,KDDCup,improved_OOB,100.0,98.30861189993178
180000,KDDCup,improved_OOB,100.0,98.30861189993178
185000,KDDCup,improved_OOB,100.0,98.30861189993178
190000,KDDCup,improved_OOB,100.0,98.30861189993178
195000,KDDCup,improved_OOB,100.0,98.30861189993178
200000,KDDCup,improved_OOB,100.0,98.30861189993178
205000,KDDCup,improved_OOB,100.0,98.30861189993178
210000,KDDCup,improved_OOB,100.0,98.30861189993178
215000,KDDCup,improved_OOB,100.0,98.30861189993178
220000,KDDCup,improved_OOB,100.0,98.30861189993178
225000,KDDCup,improved_OOB,100.0,98.30861189993178
230000,KDDCup,improved_OOB,100.0,98.30861189993178
235000,KDDCup,improved_OOB,100.0,98.30861189993178
240000,KDDCup,improved_OOB,100.0,98.30861189993178
245000,KDDCup,improved_OOB,100.0,98.30861189993178
250000,KDDCup,improved_OOB,100.0,98.30861189993178
255000,KDDCup,improved_OOB,100.0,98.30861189993178
260000,KDDCup,improved_OOB,100.0,98.30861189993178
265000,KDDCup,improved_OOB,100.0,98.30861189993178
270000,KDDCup,improved_OOB,100.0,98.30861189993178
275000,KDDCup,improved_OOB,100.0,98.30861189993178
280000,KDDCup,improved_OOB,100.0,98.30861189993178
285000,KDDCup,improved_OOB,100.0,98.30861189993178
290000,KDDCup,improved_OOB,100.0,98.30861189993178
295000,KDDCup,improved_OOB,100.0,98.30861189993178
300000,KDDCup,improved_OOB,100.0,98.30861189993178
305000,KDDCup,improved_OOB,100.0,98.30861189993178
310000,KDDCup,improved_OOB,100.0,98.30861189993178
315000,KDDCup,improved_OOB,100.0,98.30861189993178
320000,KDDCup,improved_OOB,100.0,98.30861189993178
325000,KDDCup,improved_OOB,100.0,98.30861189993178
330000,KDDCup,improved_OOB,100.0,98.30861189993178
335000,KDDCup,improved_OOB,100.0,98.30861189993178
340000,KDDCup,improved_OOB,100.0,98.30861189993178
345000,KDDCup,improved_OOB,99.0242761479792,99.37781276798002
350000,KDDCup,improved_OOB,99.96383319955748,99.74937288046497
355000,KDDCup,improved_OOB,99.85932542296848,96.49265941173108
360000,KDDCup,improved_OOB,99.99647140113257,94.99165151140001
365000,KDDCup,improved_OOB,99.99999880777878,91.25048141971902
370000,KDDCup,improved_OOB,98.60506838825685,89.55720898599864
375000,KDDCup,improved_OOB,99.99999975269326,99.83948520056175
380000,KDDCup,improved_OOB,100.0,99.83948520056175
385000,KDDCup,improved_OOB,100.0,99.83948520056175
390000,KDDCup,improved_OOB,100.0,99.83948520056175
395000,KDDCup,improved_OOB,100.0,99.83948520056175
400000,KDDCup,improved_OOB,99.9999997657393,99.52914195199523
405000,KDDCup,improved_OOB,100.0,99.52914195199523
410000,KDDCup,improved_OOB,100.0,99.52914195199523
415000,KDDCup,improved_OOB,100.0,99.52914195199523
420000,KDDCup,improved_OOB,100.0,99.52914195199523
425000,KDDCup,improved_OOB,100.0,99.52914195199523
430000,KDDCup,improved_OOB,100.0,99.52914195199523
435000,KDDCup,improved_OOB,100.0,99.52914195199523
440000,KDDCup,improved_OOB,100.0,99.52914195199523
445000,KDDCup,improved_OOB,100.0,99.52914195199523
450000,KDDCup,improved_OOB,100.0,99.83978800309195
455000,KDDCup,improved_OOB,98.09439878041145,99.99888570704924
460000,KDDCup,improved_OOB,98.72502255639425,99.74753649053243
465000,KDDCup,improved_OOB,99.99999999998481,99.74753649053243
470000,KDDCup,improved_OOB,99.99999999999113,99.49691310736158
475000,KDDCup,improved_OOB,100.0,99.49691310736158
480000,KDDCup,improved_OOB,100.0,99.49691310736158
485000,KDDCup,improved_OOB,95.06641728595464,99.41281707564504
490000,KDDCup,improved_OOB,99.99999594422262,97.24614276781946
495000,KDDCup,improved_OOB,99.34783752804857,99.99999920429408
500000,KDDCup,improved_OOB,0.0,0.0
5000,KDDCup,WEOB1,0.9884270605970082,99.55463830035704
10000,KDDCup,WEOB1,99.99921550834712,99.53613112845292
15000,KDDCup,WEOB1,92.24615526866988,99.62438082736095
20000,KDDCup,WEOB1,79.7093339622362,98.2648457779601
25000,KDDCup,WEOB1,53.02387908560486,99.99626242797784
30000,KDDCup,WEOB1,67.81894437177779,99.99999962080746
35000,KDDCup,WEOB1,67.68514234393943,99.999999984429
40000,KDDCup,WEOB1,92.12248435870838,98.76999442356055
45000,KDDCup,WEOB1,99.99955042835431,97.7945050478827
50000,KDDCup,WEOB1,100.0,97.7945050478827
55000,KDDCup,WEOB1,96.49294171064277,74.91530114836134
60000,KDDCup,WEOB1,99.50474653247967,35.350983042226765
65000,KDDCup,WEOB1,98.63549236118537,16.080528954059613
70000,KDDCup,WEOB1,99.27467443411021,7.447725123541327
75000,KDDCup,WEOB1,93.43202561868873,99.12879405026285
80000,KDDCup,WEOB1,70.9655982947609,97.78398221612797
85000,KDDCup,WEOB1,73.32699719253002,98.87215623826296
90000,KDDCup,WEOB1,50.46042565598224,97.89095213307381
95000,KDDCup,WEOB1,99.99999857074326,97.6373672027178
100000,KDDCup,WEOB1,100.0,97.6373672027178
105000,KDDCup,WEOB1,92.49532388567481,99.24520518113796
110000,KDDCup,WEOB1,99.37503349879843,68.42336882089548
115000,KDDCup,WEOB1,98.81603034618591,32.494702286707145
120000,KDDCup,WEOB1,99.18566476903702,12.7487747240214
125000,KDDCup,WEOB1,99.99908639881652,6.251555827750923
130000,KDDCup,WEOB1,99.99695976652848,12.613795735514458
135000,KDDCup,WEOB1,100.0,12.613795735514458
140000,KDDCup,WEOB1,80.45519445443632,99.46826416405402
145000,KDDCup,WEOB1,98.3981095509216,98.29581091883037
150000,KDDCup,WEOB1,99.19368677082635,98.59710679476508
155000,KDDCup,WEOB1,99.99999999999089,98.59710679476508
160000,KDDCup,WEOB1,100.0,98.59710679476508
165000,KDDCup,WEOB1,100.0,98.59710679476508
170000,KDDCup,WEOB1,100.0,98.59710679476508
175000,KDDCup,WEOB1,100.0,98.59710679476508
180000,KDDCup,WEOB1,100.0,98.59710679476508
185000,KDDCup,WEOB1,100.0,98.59710679476508
190000,KDDCup,WEOB1,100.0,98.59710679476508
195000,KDDCup,WEOB1,100.0,98.59710679476508
200000,KDDCup,WEOB1,100.0,98.59710679476508
205000,KDDCup,WEOB1,100.0,98.59710679476508
210000,KDDCup,WEOB1,100.0,98.59710679476508
215000,KDDCup,WEOB1,100.0,98.59710679476508
220000,KDDCup,WEOB1,100.0,98.59710679476508
225000,KDDCup,WEOB1,100.0,98.59710679476508
230000,KDDCup,WEOB1,100.0,98.59710679476508
235000,KDDCup,WEOB1,100.0,98.59710679476508
240000,KDDCup,WEOB1,100.0,98.59710679476508
245000,KDDCup,WEOB1,100.0,98.59710679476508
250000,KDDCup,WEOB1,100.0,98.59710679476508
255000,KDDCup,WEOB1,100.0,98.59710679476508
260000,KDDCup,WEOB1,100.0,98.59710679476508
265000,KDDCup,WEOB1,100.0,98.59710679476508
270000,KDDCup,WEOB1,100.0,98.59710679476508
275000,KDDCup,WEOB1,100.0,98.59710679476508
280000,KDDCup,WEOB1,100.0,98.59710679476508
285000,KDDCup,WEOB1,100.0,98.59710679476508
290000,KDDCup,WEOB1,100.0,98.59710679476508
295000,KDDCup,WEOB1,100.0,98.59710679476508
300000,KDDCup,WEOB1,100.0,98.59710679476508
305000,KDDCup,WEOB1,100.0,98.59710679476508
310000,KDDCup,WEOB1,100.0,98.59710679476508
315000,KDDCup,WEOB1,100.0,98.59710679476508
320000,KDDCup,WEOB1,100.0,98.59710679476508
325000,KDDCup,WEOB1,100.0,98.59710679476508
330000,KDDCup,WEOB1,100.0,98.59710679476508
335000,KDDCup,WEOB1,100.0,98.59710679476508
340000,KDDCup,WEOB1,100.0,98.59710679476508
345000,KDDCup,WEOB1,98.68828963915769,99.90595203153238
350000,KDDCup,WEOB1,99.58518269232877,99.63310759174159
355000,KDDCup,WEOB1,99.85932542302102,97.13329869916232
360000,KDDCup,WEOB1,99.87577753358472,93.3907573417322
365000,KDDCup,WEOB1,99.99097723112492,90.6570369902453
370000,KDDCup,WEOB1,99.21011211379356,87.87737465764216
375000,KDDCup,WEOB1,99.9938989106323,98.96952446619424
380000,KDDCup,WEOB1,99.99382067223745,97.72030623825763
385000,KDDCup,WEOB1,99.99995667444271,96.72136195910066
390000,KDDCup,WEOB1,99.99999293261351,95.72301729432073
395000,KDDCup,WEOB1,99.99986886604128,93.97795791181872
400000,KDDCup,WEOB1,99.99999976048673,98.642666084975
405000,KDDCup,WEOB1,100.0,98.642666084975
410000,KDDCup,WEOB1,100.0,98.642666084975
415000,KDDCup,WEOB1,100.0,98.642666084975
420000,KDDCup,WEOB1,100.0,98.642666084975
425000,KDDCup,WEOB1,100.0,98.642666084975
430000,KDDCup,WEOB1,100.0,98.642666084975
435000,KDDCup,WEOB1,100.0,98.642666084975
440000,KDDCup,WEOB1,100.0,98.642666084975
445000,KDDCup,WEOB1,100.0,98.642666084975
450000,KDDCup,WEOB1,99.49875001570332,99.24955028575434
455000,KDDCup,WEOB1,79.46054047058342,99.7805136804984
460000,KDDCup,WEOB1,94.12931128215891,99.97732929718214
465000,KDDCup,WEOB1,99.99998012122298,98.47430172717125
470000,KDDCup,WEOB1,99.99999781272867,96.97194509633631
475000,KDDCup,WEOB1,99.52932370642974,95.22094848105334
480000,KDDCup,WEOB1,99.99999999999456,95.22094848105334
485000,KDDCup,WEOB1,95.95924758626639,99.95574089931652
490000,KDDCup,WEOB1,99.99999638624925,99.1300174281293
495000,KDDCup,WEOB1,98.24579030505313,99.99999161051836
500000,KDDCup,WEOB1,0.0,0.0
5000,KDDCup,OOB,0.0,99.99491672825857
10000,KDDCup,OOB,99.99996891765066,99.65282600928437
15000,KDDCup,OOB,99.49874999345629,99.99999997139462
20000,KDDCup,OOB,75.1381720493972,99.07950005424105
25000,KDDCup,OOB,77.5593662644235,99.9997962331834
30000,KDDCup,OOB,79.98477618577341,99.99999957224918
35000,KDDCup,OOB,79.74775356253676,99.999999984429
40000,KDDCup,OOB,94.91839618573796,98.43516462539297
45000,KDDCup,OOB,99.99957738716354,96.94592555352064
50000,KDDCup,OOB,100.0,96.94592555352064
55000,KDDCup,OOB,95.99275304351339,73.35294003802696
60000,KDDCup,OOB,99.49281420194215,32.694014027623
65000,KDDCup,OOB,98.63481155859698,14.357099280087485
70000,KDDCup,OOB,99.27277340866819,6.234001128748313
75000,KDDCup,OOB,96.92111798630881,99.51639870456465
80000,KDDCup,OOB,94.41909385978157,99.99967521616118
85000,KDDCup,OOB,95.9431510925165,99.99986650394705
90000,KDDCup,OOB,98.1017512620465,99.99999995093003
95000,KDDCup,OOB,99.99999854102761,95.99211458667149
100000,KDDCup,OOB,100.0,95.99211458667149
105000,KDDCup,OOB,99.74937343358395,99.9876561482847
110000,KDDCup,OOB,99.4819231078742,70.34204798271779
115000,KDDCup,OOB,99.81608457044936,52.71105461347277
120000,KDDCup,OOB,99.99994193101234,50.22075519032411
125000,KDDCup,OOB,99.99999992252232,48.91265671875361
130000,KDDCup,OOB,99.9988237042736,53.50728099171165
135000,KDDCup,OOB,100.0,53.50728099171165
140000,KDDCup,OOB,99.28985991442947,99.99999928084661
145000,KDDCup,OOB,98.72282527257725,98.92281546047091
150000,KDDCup,OOB,99.69160223553783,98.33289556093919
155000,KDDCup,OOB,99.99999999999702,98.33289556093919
160000,KDDCup,OOB,100.0,98.33289556093919
165000,KDDCup,OOB,100.0,98.33289556093919
170000,KDDCup,OOB,100.0,98.33289556093919
175000,KDDCup,OOB,100.0,98.33289556093919
180000,KDDCup,OOB,100.0,98.33289556093919
185000,KDDCup,OOB,100.0,98.33289556093919
190000,KDDCup,OOB,100.0,98.33289556093919
195000,KDDCup,OOB,100.0,98.33289556093919
200000,KDDCup,OOB,100.0,98.33289556093919
205000,KDDCup,OOB,100.0,98.33289556093919
210000,KDDCup,OOB,100.0,98.33289556093919
215000,KDDCup,OOB,100.0,98.33289556093919
220000,KDDCup,OOB,100.0,98.33289556093919
225000,KDDCup,OOB,100.0,98.33289556093919
230000,KDDCup,OOB,100.0,98.33289556093919
235000,KDDCup,OOB,100.0,98.33289556093919
240000,KDDCup,OOB,100.0,98.33289556093919
245000,KDDCup,OOB,100.0,98.33289556093919
250000,KDDCup,OOB,100.0,98.33289556093919
255000,KDDCup,OOB,100.0,98.33289556093919
260000,KDDCup,OOB,100.0,98.33289556093919
265000,KDDCup,OOB,100.0,98.33289556093919
270000,KDDCup,OOB,100.0,98.33289556093919
275000,KDDCup,OOB,100.0,98.33289556093919
280000,KDDCup,OOB,100.0,98.33289556093919
285000,KDDCup,OOB,100.0,98.33289556093919
290000,KDDCup,OOB,100.0,98.33289556093919
295000,KDDCup,OOB,100.0,98.33289556093919
300000,KDDCup,OOB,100.0,98.33289556093919
305000,KDDCup,OOB,100.0,98.33289556093919
310000,KDDCup,OOB,100.0,98.33289556093919
315000,KDDCup,OOB,100.0,98.33289556093919
320000,KDDCup,OOB,100.0,98.33289556093919
325000,KDDCup,OOB,100.0,98.33289556093919
330000,KDDCup,OOB,100.0,98.33289556093919
335000,KDDCup,OOB,100.0,98.33289556093919
340000,KDDCup,OOB,100.0,98.33289556093919
345000,KDDCup,OOB,99.38311631340261,99.59422017306245
350000,KDDCup,OOB,99.95227017289436,99.49874876996537
355000,KDDCup,OOB,99.82316385635792,91.25048072965012
360000,KDDCup,OOB,99.96639277757777,87.04067796390923
365000,KDDCup,OOB,99.9999985543491,82.63390721533085
370000,KDDCup,OOB,99.08471776611792,82.15180492505684
375000,KDDCup,OOB,99.99999574673484,99.07326135708016
380000,KDDCup,OOB,100.0,99.07326135708016
385000,KDDCup,OOB,100.0,99.07326135708016
390000,KDDCup,OOB,100.0,99.07326135708016
395000,KDDCup,OOB,100.0,99.07326135708016
400000,KDDCup,OOB,99.999999687908,99.27982743177303
405000,KDDCup,OOB,100.0,99.27982743177303
410000,KDDCup,OOB,100.0,99.27982743177303
415000,KDDCup,OOB,100.0,99.27982743177303
420000,KDDCup,OOB,100.0,99.27982743177303
425000,KDDCup,OOB,100.0,99.27982743177303
430000,KDDCup,OOB,100.0,99.27982743177303
435000,KDDCup,OOB,100.0,99.27982743177303
440000,KDDCup,OOB,100.0,99.27982743177303
445000,KDDCup,OOB,100.0,99.27982743177303
450000,KDDCup,OOB,100.0,99.75583971696553
455000,KDDCup,OOB,97.49556238387402,99.99999268880035
460000,KDDCup,OOB,98.66579015526153,99.74753649233809
465000,KDDCup,OOB,99.9999999980814,98.24395394613656
470000,KDDCup,OOB,99.99999999999113,97.9934156918623
475000,KDDCup,OOB,100.0,97.9934156918623
480000,KDDCup,OOB,100.0,97.9934156918623
485000,KDDCup,OOB,98.33220836051261,99.41283316891541
490000,KDDCup,OOB,99.99999681491646,97.09755635989895
495000,KDDCup,OOB,98.44843579927156,99.99999889625788
500000,KDDCup,OOB,0.0,0.0
5000,KDDCup,ESOS_ELM,0.02032998665339879,0.0
10000,KDDCup,ESOS_ELM,99.99921866375657,0.0
15000,KDDCup,ESOS_ELM,4.5257395876849475e-06,0.0
20000,KDDCup,ESOS_ELM,3.5228125230661336,0.0
25000,KDDCup,ESOS_ELM,0.0010631390084271694,0.0
30000,KDDCup,ESOS_ELM,5.2580787564882e-06,0.0
35000,KDDCup,ESOS_ELM,6.228697916637328e-08,0.0
40000,KDDCup,ESOS_ELM,85.82370423675,0.0
45000,KDDCup,ESOS_ELM,99.99712513715941,0.0
50000,KDDCup,ESOS_ELM,100.0,0.0
55000,KDDCup,ESOS_ELM,99.96017531225006,0.0
60000,KDDCup,ESOS_ELM,100.0,0.0
65000,KDDCup,ESOS_ELM,100.0,0.0
70000,KDDCup,ESOS_ELM,100.0,0.0
75000,KDDCup,ESOS_ELM,1.830638822042253,0.0
80000,KDDCup,ESOS_ELM,0.0050642179655965985,0.0
85000,KDDCup,ESOS_ELM,0.005558512143696018,0.0
90000,KDDCup,ESOS_ELM,5.867926850412254e-06,0.0
95000,KDDCup,ESOS_ELM,99.99999789794083,0.0
100000,KDDCup,ESOS_ELM,100.0,0.0
105000,KDDCup,ESOS_ELM,0.22883102103717828,0.0
110000,KDDCup,ESOS_ELM,99.99568798409908,0.0
115000,KDDCup,ESOS_ELM,100.0,0.0
120000,KDDCup,ESOS_ELM,100.0,0.0
125000,KDDCup,ESOS_ELM,100.0,0.0
130000,KDDCup,ESOS_ELM,99.9944237888249,0.0
135000,KDDCup,ESOS_ELM,100.0,0.0
140000,KDDCup,ESOS_ELM,6.6747088950963165e-06,0.0
145000,KDDCup,ESOS_ELM,58.91284608014065,0.0
150000,KDDCup,ESOS_ELM,96.93124356576483,0.0
155000,KDDCup,ESOS_ELM,99.99999999996184,0.0
160000,KDDCup,ESOS_ELM,100.0,0.0
165000,KDDCup,ESOS_ELM,100.0,0.0
170000,KDDCup,ESOS_ELM,100.0,0.0
175000,KDDCup,ESOS_ELM,100.0,0.0
180000,KDDCup,ESOS_ELM,100.0,0.0
185000,KDDCup,ESOS_ELM,100.0,0.0
190000,KDDCup,ESOS_ELM,100.0,0.0
195000,KDDCup,ESOS_ELM,100.0,0.0
200000,KDDCup,ESOS_ELM,100.0,0.0
205000,KDDCup,ESOS_ELM,100.0,0.0
210000,KDDCup,ESOS_ELM,100.0,0.0
215000,KDDCup,ESOS_ELM,100.0,0.0
220000,KDDCup,ESOS_ELM,100.0,0.0
225000,KDDCup,ESOS_ELM,100.0,0.0
230000,KDDCup,ESOS_ELM,100.0,0.0
235000,KDDCup,ESOS_ELM,100.0,0.0
240000,KDDCup,ESOS_ELM,100.0,0.0
245000,KDDCup,ESOS_ELM,100.0,0.0
250000,KDDCup,ESOS_ELM,100.0,0.0
255000,KDDCup,ESOS_ELM,100.0,0.0
260000,KDDCup,ESOS_ELM,100.0,0.0
265000,KDDCup,ESOS_ELM,100.0,0.0
270000,KDDCup,ESOS_ELM,100.0,0.0
275000,KDDCup,ESOS_ELM,100.0,0.0
280000,KDDCup,ESOS_ELM,100.0,0.0
285000,KDDCup,ESOS_ELM,100.0,0.0
290000,KDDCup,ESOS_ELM,100.0,0.0
295000,KDDCup,ESOS_ELM,100.0,0.0
300000,KDDCup,ESOS_ELM,100.0,0.0
305000,KDDCup,ESOS_ELM,100.0,0.0
310000,KDDCup,ESOS_ELM,100.0,0.0
315000,KDDCup,ESOS_ELM,100.0,0.0
320000,KDDCup,ESOS_ELM,100.0,0.0
325000,KDDCup,ESOS_ELM,100.0,0.0
330000,KDDCup,ESOS_ELM,100.0,0.0
335000,KDDCup,ESOS_ELM,100.0,0.0
340000,KDDCup,ESOS_ELM,100.0,0.0
345000,KDDCup,ESOS_ELM,40.6311191578754,0.0
350000,KDDCup,ESOS_ELM,97.70303927846872,0.0
355000,KDDCup,ESOS_ELM,99.99999999997145,0.0
360000,KDDCup,ESOS_ELM,100.0,0.0
365000,KDDCup,ESOS_ELM,100.0,0.0
370000,KDDCup,ESOS_ELM,97.99480811176296,0.0
375000,KDDCup,ESOS_ELM,99.99995264448684,0.0
380000,KDDCup,ESOS_ELM,100.0,0.0
385000,KDDCup,ESOS_ELM,100.0,0.0
390000,KDDCup,ESOS_ELM,100.0,0.0
395000,KDDCup,ESOS_ELM,100.0,0.0
400000,KDDCup,ESOS_ELM,99.99998647911688,0.0
405000,KDDCup,ESOS_ELM,100.0,0.0
410000,KDDCup,ESOS_ELM,100.0,0.0
415000,KDDCup,ESOS_ELM,100.0,0.0
420000,KDDCup,ESOS_ELM,100.0,0.0
425000,KDDCup,ESOS_ELM,100.0,0.0
430000,KDDCup,ESOS_ELM,100.0,0.0
435000,KDDCup,ESOS_ELM,100.0,0.0
440000,KDDCup,ESOS_ELM,100.0,0.0
445000,KDDCup,ESOS_ELM,100.0,0.0
450000,KDDCup,ESOS_ELM,50.788436323242145,0.0
455000,KDDCup,ESOS_ELM,0.00017532264843955967,0.0
460000,KDDCup,ESOS_ELM,67.69882748892029,0.0
465000,KDDCup,ESOS_ELM,99.99999999968225,0.0
470000,KDDCup,ESOS_ELM,100.0,0.0
475000,KDDCup,ESOS_ELM,100.0,0.0
480000,KDDCup,ESOS_ELM,100.0,0.0
485000,KDDCup,ESOS_ELM,27.54790478260751,0.0
490000,KDDCup,ESOS_ELM,99.99995818549995,0.0
495000,KDDCup,ESOS_ELM,4.450047586127482e-05,0.0
500000,KDDCup,ESOS_ELM,0.0,0.0
5000,KDDCup,improved_UOB,0.0,99.99491672825857
10000,KDDCup,improved_UOB,99.99994579404873,98.66786602702699
15000,KDDCup,improved_UOB,19.407542110230505,94.83780705970153
20000,KDDCup,improved_UOB,50.897794843775145,97.96651450582804
25000,KDDCup,improved_UOB,43.74361446191254,99.78264064782078
30000,KDDCup,improved_UOB,62.112476017001384,99.99999190574395
35000,KDDCup,improved_UOB,56.100580880794055,99.88433490544922
40000,KDDCup,improved_UOB,90.08404373486464,98.15918880892109
45000,KDDCup,improved_UOB,99.99813502980838,97.89689802077854
50000,KDDCup,improved_UOB,100.0,97.89689802077854
55000,KDDCup,improved_UOB,97.21890786674352,80.30301562677506
60000,KDDCup,improved_UOB,99.5279764695589,42.19714617509266
65000,KDDCup,improved_UOB,98.63636681572743,20.74611583218294
70000,KDDCup,improved_UOB,99.27493051438896,10.075859644411128
75000,KDDCup,improved_UOB,88.18662853396954,98.7389014032387
80000,KDDCup,improved_UOB,61.60109949517643,97.67009080633045
85000,KDDCup,improved_UOB,65.04723363609573,98.3058034845185
90000,KDDCup,improved_UOB,45.553781334887205,97.89081652092914
95000,KDDCup,improved_UOB,99.99999847532509,96.37534952092459
100000,KDDCup,improved_UOB,100.0,96.37534952092459
105000,KDDCup,improved_UOB,75.9208132369224,98.12746283223716
110000,KDDCup,improved_UOB,99.42593342417659,73.16494529167895
115000,KDDCup,improved_UOB,98.81760570638262,39.559307490428175
120000,KDDCup,improved_UOB,99.18569395356694,17.15204826916516
125000,KDDCup,improved_UOB,99.16389101763913,6.788147399480252
130000,KDDCup,improved_UOB,99.99776226949895,13.769818611109383
135000,KDDCup,improved_UOB,100.0,13.769818611109383
140000,KDDCup,improved_UOB,61.705208483303394,98.58141121007307
145000,KDDCup,improved_UOB,94.1609768175257,92.32320194518242
150000,KDDCup,improved_UOB,98.66552441626251,97.30958391985764
155000,KDDCup,improved_UOB,99.99999999998411,97.30958391985764
160000,KDDCup,improved_UOB,100.0,97.30958391985764
165000,KDDCup,improved_UOB,100.0,97.30958391985764
170000,KDDCup,improved_UOB,100.0,97.30958391985764
175000,KDDCup,improved_UOB,100.0,97.30958391985764
180000,KDDCup,improved_UOB,100.0,97.30958391985764
185000,KDDCup,improved_UOB,100.0,97.30958391985764
190000,KDDCup,improved_UOB,100.0,97.30958391985764
195000,KDDCup,improved_UOB,100.0,97.30958391985764
200000,KDDCup,improved_UOB,100.0,97.30958391985764
205000,KDDCup,improved_UOB,100.0,97.30958391985764
210000,KDDCup,improved_UOB,100.0,97.30958391985764
215000,KDDCup,improved_UOB,100.0,97.30958391985764
220000,KDDCup,improved_UOB,100.0,97.30958391985764
225000,KDDCup,improved_UOB,100.0,97.30958391985764
230000,KDDCup,improved_UOB,100.0,97.30958391985764
235000,KDDCup,improved_UOB,100.0,97.30958391985764
240000,KDDCup,improved_UOB,100.0,97.30958391985764
245000,KDDCup,improved_UOB,100.0,97.30958391985764
250000,KDDCup,improved_UOB,100.0,97.30958391985764
255000,KDDCup,improved_UOB,100.0,97.30958391985764
260000,KDDCup,improved_UOB,100.0,97.30958391985764
265000,KDDCup,improved_UOB,100.0,97.30958391985764
270000,KDDCup,improved_UOB,100.0,97.30958391985764
275000,KDDCup,improved_UOB,100.0,97.30958391985764
280000,KDDCup,improved_UOB,100.0,97.30958391985764
285000,KDDCup,improved_UOB,100.0,97.30958391985764
290000,KDDCup,improved_UOB,100.0,97.30958391985764
295000,KDDCup,improved_UOB,100.0,97.30958391985764
300000,KDDCup,improved_UOB,100.0,97.30958391985764
305000,KDDCup,improved_UOB,100.0,97.30958391985764
310000,KDDCup,improved_UOB,100.0,97.30958391985764
315000,KDDCup,improved_UOB,100.0,97.30958391985764
320000,KDDCup,improved_UOB,100.0,97.30958391985764
325000,KDDCup,improved_UOB,100.0,97.30958391985764
330000,KDDCup,improved_UOB,100.0,97.30958391985764
335000,KDDCup,improved_UOB,100.0,97.30958391985764
340000,KDDCup,improved_UOB,100.0,97.30958391985764
345000,KDDCup,improved_UOB,93.77479898749438,99.08987451192606
350000,KDDCup,improved_UOB,98.51426917840664,98.77256552077607
355000,KDDCup,improved_UOB,99.8593273053341,96.81624794032426
360000,KDDCup,improved_UOB,99.87577753358472,93.15103064241815
365000,KDDCup,improved_UOB,99.90902497133474,89.01273885116919
370000,KDDCup,improved_UOB,99.31715492972897,85.03466047898823
375000,KDDCup,improved_UOB,99.93923821059127,96.07089917716245
380000,KDDCup,improved_UOB,99.92445993863133,93.67797405078417
385000,KDDCup,improved_UOB,99.99969132484988,92.00409876743718
390000,KDDCup,improved_UOB,99.9747780159942,89.37844149287105
395000,KDDCup,improved_UOB,99.9990755194817,86.76202631462775
400000,KDDCup,improved_UOB,99.9999975028882,93.51136579530565
405000,KDDCup,improved_UOB,100.0,93.51136579530565
410000,KDDCup,improved_UOB,100.0,93.51136579530565
415000,KDDCup,improved_UOB,100.0,93.51136579530565
420000,KDDCup,improved_UOB,100.0,93.51136579530565
425000,KDDCup,improved_UOB,100.0,93.51136579530565
430000,KDDCup,improved_UOB,100.0,93.51136579530565
435000,KDDCup,improved_UOB,100.0,93.51136579530565
440000,KDDCup,improved_UOB,100.0,93.51136579530565
445000,KDDCup,improved_UOB,100.0,93.51136579530565
450000,KDDCup,improved_UOB,99.24813289473526,97.419581038424
455000,KDDCup,improved_UOB,29.472337401707414,92.23156702553275
460000,KDDCup,improved_UOB,76.05363529824517,99.54631211997216
465000,KDDCup,improved_UOB,99.99983493291253,95.82205945314044
470000,KDDCup,improved_UOB,99.74936085436369,92.35421503376348
475000,KDDCup,improved_UOB,99.30278371654244,88.90288241549737
480000,KDDCup,improved_UOB,99.95421862315514,85.96403913110761
485000,KDDCup,improved_UOB,48.98655947063978,97.60614851970263
490000,KDDCup,improved_UOB,99.9999847601389,93.44042376756856
495000,KDDCup,improved_UOB,66.06265972118241,98.46565763847615
500000,KDDCup,improved_UOB,0.0,0.0
5000,KDDCup,WEOB2,0.0,99.98745540790198
10000,KDDCup,WEOB2,99.99991259409659,99.06136201079458
15000,KDDCup,WEOB2,20.765668533994834,94.68909131288738
20000,KDDCup,WEOB2,50.79425446171852,97.94346879888488
25000,KDDCup,WEOB2,38.93482328851713,99.67436738021196
30000,KDDCup,WEOB2,60.408852659773245,99.99999187549273
35000,KDDCup,WEOB2,53.482409789349376,99.88433470181062
40000,KDDCup,WEOB2,89.95647835184091,98.51824066876839
45000,KDDCup,WEOB2,99.99816290399748,96.95648330285267
50000,KDDCup,WEOB2,100.0,96.95648330285267
55000,KDDCup,WEOB2,96.94960719820092,80.55016746609975
60000,KDDCup,WEOB2,99.52682231750939,42.719297688737406
65000,KDDCup,WEOB2,98.64991693717538,21.266893057208495
70000,KDDCup,WEOB2,99.27494078030517,10.402317150462858
75000,KDDCup,WEOB2,87.44562618582711,98.73351350173597
80000,KDDCup,WEOB2,74.79546312975822,99.80802436839853
85000,KDDCup,WEOB2,79.55218128472667,99.44593347233548
90000,KDDCup,WEOB2,85.26175973948014,99.99983765849993
95000,KDDCup,WEOB2,99.99999926920222,96.85477751932636
100000,KDDCup,WEOB2,100.0,96.85477751932636
105000,KDDCup,WEOB2,78.53455315770147,98.83812517937235
110000,KDDCup,WEOB2,99.59907256362682,81.60118659866552
115000,KDDCup,WEOB2,98.8269127736652,52.879765480177056
120000,KDDCup,WEOB2,99.24919807208656,28.990369918751348
125000,KDDCup,WEOB2,99.23949341585038,14.46476299956522
130000,KDDCup,WEOB2,99.99793497352816,18.47820736016018
135000,KDDCup,WEOB2,100.0,18.47820736016018
140000,KDDCup,WEOB2,61.27828585020127,98.51699854208356
145000,KDDCup,WEOB2,95.51666517873582,95.38482354692016
150000,KDDCup,WEOB2,98.66707736173267,96.61479337498052
155000,KDDCup,WEOB2,99.99999999998411,96.61479337498052
160000,KDDCup,WEOB2,100.0,96.61479337498052
165000,KDDCup,WEOB2,100.0,96.61479337498052
170000,KDDCup,WEOB2,100.0,96.61479337498052
175000,KDDCup,WEOB2,100.0,96.61479337498052
180000,KDDCup,WEOB2,100.0,96.61479337498052
185000,KDDCup,WEOB2,100.0,96.61479337498052
190000,KDDCup,WEOB2,100.0,96.61479337498052
195000,KDDCup,WEOB2,100.0,96.61479337498052
200000,KDDCup,WEOB2,100.0,96.61479337498052
205000,KDDCup,WEOB2,100.0,96.61479337498052
210000,KDDCup,WEOB2,100.0,96.61479337498052
215000,KDDCup,WEOB2,100.0,96.61479337498052
220000,KDDCup,WEOB2,100.0,96.61479337498052
225000,KDDCup,WEOB2,100.0,96.61479337498052
230000,KDDCup,WEOB2,100.0,96.61479337498052
235000,KDDCup,WEOB2,100.0,96.61479337498052
240000,KDDCup,WEOB2,100.0,96.61479337498052
245000,KDDCup,WEOB2,100.0,96.61479337498052
250000,KDDCup,WEOB2,100.0,96.61479337498052
255000,KDDCup,WEOB2,100.0,96.61479337498052
260000,KDDCup,WEOB2,100.0,96.61479337498052
265000,KDDCup,WEOB2,100.0,96.61479337498052
270000,KDDCup,WEOB2,100.0,96.61479337498052
275000,KDDCup,WEOB2,100.0,96.61479337498052
280000,KDDCup,WEOB2,100.0,96.61479337498052
285000,KDDCup,WEOB2,100.0,96.61479337498052
290000,KDDCup,WEOB2,100.0,96.61479337498052
295000,KDDCup,WEOB2,100.0,96.61479337498052
300000,KDDCup,WEOB2,100.0,96.61479337498052
305000,KDDCup,WEOB2,100.0,96.61479337498052
310000,KDDCup,WEOB2,100.0,96.61479337498052
315000,KDDCup,WEOB2,100.0,96.61479337498052
320000,KDDCup,WEOB2,100.0,96.61479337498052
325000,KDDCup,WEOB2,100.0,96.61479337498052
330000,KDDCup,WEOB2,100.0,96.61479337498052
335000,KDDCup,WEOB2,100.0,96.61479337498052
340000,KDDCup,WEOB2,100.0,96.61479337498052
345000,KDDCup,WEOB2,92.86656715866955,98.65728665116912
350000,KDDCup,WEOB2,97.66987890894482,93.37352338373645
355000,KDDCup,WEOB2,98.41502384554761,60.17848399995023
360000,KDDCup,WEOB2,97.99466390801568,31.052816737331984
365000,KDDCup,WEOB2,98.31691979109159,18.503203591204592
370000,KDDCup,WEOB2,97.15342065461526,15.571956595910697
375000,KDDCup,WEOB2,98.58749306311152,78.50830369643839
380000,KDDCup,WEOB2,98.05973536020291,46.057287587581094
385000,KDDCup,WEOB2,99.7265088363589,29.558678798265113
390000,KDDCup,WEOB2,99.29114858543483,15.17839445086847
395000,KDDCup,WEOB2,99.96901784547107,7.398573400033333
400000,KDDCup,WEOB2,99.99999649431489,87.02517078392103
405000,KDDCup,WEOB2,100.0,87.02517078392103
410000,KDDCup,WEOB2,100.0,87.02517078392103
415000,KDDCup,WEOB2,100.0,87.02517078392103
420000,KDDCup,WEOB2,100.0,87.02517078392103
425000,KDDCup,WEOB2,100.0,87.02517078392103
430000,KDDCup,WEOB2,100.0,87.02517078392103
435000,KDDCup,WEOB2,100.0,87.02517078392103
440000,KDDCup,WEOB2,100.0,87.02517078392103
445000,KDDCup,WEOB2,100.0,87.02517078392103
450000,KDDCup,WEOB2,99.49875001570332,95.29000225360834
455000,KDDCup,WEOB2,29.293731762222613,92.23155959344854
460000,KDDCup,WEOB2,73.18761624571208,98.15587533120443
465000,KDDCup,WEOB2,99.10041865679395,58.281068055569804
470000,KDDCup,WEOB2,98.44602735540198,35.02538758523673
475000,KDDCup,WEOB2,98.28297437407629,20.799480032438762
480000,KDDCup,WEOB2,99.17579291502058,10.393499679754287
485000,KDDCup,WEOB2,47.780436935578656,96.99769725395514
490000,KDDCup,WEOB2,99.99998359595052,92.63697523218057
495000,KDDCup,WEOB2,63.21228889530799,98.12714184003848
500000,KDDCup,WEOB2,0.0,0.0
5000,KDDCup,UOB,0.0,99.99491672825857
10000,KDDCup,UOB,99.9999568739356,99.03796512574466
15000,KDDCup,UOB,97.4942536729625,99.99999987177166
20000,KDDCup,UOB,72.04830490001063,98.9479838944844
25000,KDDCup,UOB,74.0351013766691,99.9998648456145
30000,KDDCup,UOB,53.92030875155119,99.999994489389
35000,KDDCup,UOB,52.68597924713008,99.99999913888018
40000,KDDCup,UOB,86.81440115105548,93.4110064812286
45000,KDDCup,UOB,99.99695672022939,76.36822902631364
50000,KDDCup,UOB,99.99999955688273,76.13437589516045
55000,KDDCup,UOB,95.6614115946272,67.98170991263456
60000,KDDCup,UOB,99.5208554218154,30.880858052753233
65000,KDDCup,UOB,98.65189151993287,15.281374894160944
70000,KDDCup,UOB,99.27995431218218,8.307622359450901
75000,KDDCup,UOB,92.07828726963116,99.12057447692949
80000,KDDCup,UOB,52.04467299168839,97.29345195479796
85000,KDDCup,UOB,48.31291307634653,99.33723523077913
90000,KDDCup,UOB,63.92005196964236,99.74082317311534
95000,KDDCup,UOB,99.99999866892567,97.83071228893708
100000,KDDCup,UOB,100.0,97.83071228893708
105000,KDDCup,UOB,85.07470726418704,99.75772265828391
110000,KDDCup,UOB,99.99283054339506,98.07714742626025
115000,KDDCup,UOB,99.9995202668348,96.61598982573784
120000,KDDCup,UOB,99.99999999942001,95.88546349727642
125000,KDDCup,UOB,99.99999999945625,95.64198288615545
130000,KDDCup,UOB,99.99809455821482,94.70034905555012
135000,KDDCup,UOB,100.0,94.70034905555012
140000,KDDCup,UOB,52.82762270690445,98.50160816187861
145000,KDDCup,UOB,94.58336729570456,92.98259729762569
150000,KDDCup,UOB,99.38924590210749,96.9730788052514
155000,KDDCup,UOB,99.99999999999339,96.9730788052514
160000,KDDCup,UOB,100.0,96.9730788052514
165000,KDDCup,UOB,100.0,96.9730788052514
170000,KDDCup,UOB,100.0,96.9730788052514
175000,KDDCup,UOB,100.0,96.9730788052514
180000,KDDCup,UOB,100.0,96.9730788052514
185000,KDDCup,UOB,100.0,96.9730788052514
190000,KDDCup,UOB,100.0,96.9730788052514
195000,KDDCup,UOB,100.0,96.9730788052514
200000,KDDCup,UOB,100.0,96.9730788052514
205000,KDDCup,UOB,100.0,96.9730788052514
210000,KDDCup,UOB,100.0,96.9730788052514
215000,KDDCup,UOB,100.0,96.9730788052514
220000,KDDCup,UOB,100.0,96.9730788052514
225000,KDDCup,UOB,100.0,96.9730788052514
230000,KDDCup,UOB,100.0,96.9730788052514
235000,KDDCup,UOB,100.0,96.9730788052514
240000,KDDCup,UOB,100.0,96.9730788052514
245000,KDDCup,UOB,100.0,96.9730788052514
250000,KDDCup,UOB,100.0,96.9730788052514
255000,KDDCup,UOB,100.0,96.9730788052514
260000,KDDCup,UOB,100.0,96.9730788052514
265000,KDDCup,UOB,100.0,96.9730788052514
270000,KDDCup,UOB,100.0,96.9730788052514
275000,KDDCup,UOB,100.0,96.9730788052514
280000,KDDCup,UOB,100.0,96.9730788052514
285000,KDDCup,UOB,100.0,96.9730788052514
290000,KDDCup,UOB,100.0,96.9730788052514
295000,KDDCup,UOB,100.0,96.9730788052514
300000,KDDCup,UOB,100.0,96.9730788052514
305000,KDDCup,UOB,100.0,96.9730788052514
310000,KDDCup,UOB,100.0,96.9730788052514
315000,KDDCup,UOB,100.0,96.9730788052514
320000,KDDCup,UOB,100.0,96.9730788052514
325000,KDDCup,UOB,100.0,96.9730788052514
330000,KDDCup,UOB,100.0,96.9730788052514
335000,KDDCup,UOB,100.0,96.9730788052514
340000,KDDCup,UOB,100.0,96.9730788052514
345000,KDDCup,UOB,98.99348526060918,99.53271316351632
350000,KDDCup,UOB,99.94371932590936,99.49874944627923
355000,KDDCup,UOB,99.85932177321752,93.49290265318405
360000,KDDCup,UOB,99.97266827714053,90.75328674934649
365000,KDDCup,UOB,99.99097710304859,87.53383077180627
370000,KDDCup,UOB,98.71164565923537,85.58552853144855
375000,KDDCup,UOB,99.99800651747886,99.03698962518288
380000,KDDCup,UOB,100.0,99.03698962518288
385000,KDDCup,UOB,100.0,99.03698962518288
390000,KDDCup,UOB,100.0,99.03698962518288
395000,KDDCup,UOB,100.0,99.03698962518288
400000,KDDCup,UOB,99.9999998439563,99.57429164818883
405000,KDDCup,UOB,100.0,99.57429164818883
410000,KDDCup,UOB,100.0,99.57429164818883
415000,KDDCup,UOB,100.0,99.57429164818883
420000,KDDCup,UOB,100.0,99.57429164818883
425000,KDDCup,UOB,100.0,99.57429164818883
430000,KDDCup,UOB,100.0,99.57429164818883
435000,KDDCup,UOB,100.0,99.57429164818883
440000,KDDCup,UOB,100.0,99.57429164818883
445000,KDDCup,UOB,100.0,99.57429164818883
450000,KDDCup,UOB,100.0,99.8554722100058
455000,KDDCup,UOB,98.08266529611083,99.99999452475036
460000,KDDCup,UOB,97.82655688218965,99.24629603728707
465000,KDDCup,UOB,99.99999998616569,97.49241791158808
470000,KDDCup,UOB,99.99999999999113,97.24196467850467
475000,KDDCup,UOB,100.0,97.24196467850467
480000,KDDCup,UOB,100.0,97.24196467850467
485000,KDDCup,UOB,98.6645363361987,99.41283316889256
490000,KDDCup,UOB,99.99999788420863,99.51510631205737
495000,KDDCup,UOB,99.74937341687429,99.99999982456315
500000,KDDCup,UOB,0.0,0.0
5000,KDDCup,CSMOTE,21.154660846878496,99.81640589563612
10000,KDDCup,CSMOTE,99.99993573835614,99.65086763485478
15000,KDDCup,CSMOTE,99.498749974588,99.99999997135022
20000,KDDCup,CSMOTE,75.1381720419481,99.07950005424105
25000,KDDCup,CSMOTE,77.37785522894124,99.98204639794223
30000,KDDCup,CSMOTE,78.04533974632123,99.9939022139753
35000,KDDCup,CSMOTE,77.65511304653114,99.99999998423378
40000,KDDCup,CSMOTE,81.42355465860786,75.47087399323324
45000,KDDCup,CSMOTE,99.99913177718642,94.97722162054994
50000,KDDCup,CSMOTE,100.0,94.97722162054994
55000,KDDCup,CSMOTE,99.69981993769024,96.23698888902433
60000,KDDCup,CSMOTE,99.9799940181165,92.2674896171217
65000,KDDCup,CSMOTE,99.99974440734024,90.29033465408934
70000,KDDCup,CSMOTE,99.99999999193413,89.7971021917839
75000,KDDCup,CSMOTE,90.27677525394176,99.16466069449555
80000,KDDCup,CSMOTE,79.87936698770092,99.95927486090464
85000,KDDCup,CSMOTE,89.61868453350746,99.99989542199741
90000,KDDCup,CSMOTE,96.17893291393626,99.99999995117773
95000,KDDCup,CSMOTE,99.99999862293807,96.23261589585786
100000,KDDCup,CSMOTE,100.0,96.23261589585786
105000,KDDCup,CSMOTE,98.4963507913834,99.9913369492875
110000,KDDCup,CSMOTE,99.99965285402706,98.74021994838542
115000,KDDCup,CSMOTE,100.0,98.74021994838542
120000,KDDCup,CSMOTE,100.0,98.74021994838542
125000,KDDCup,CSMOTE,100.0,98.74021994838542
130000,KDDCup,CSMOTE,99.47342475453216,94.1097872959663
135000,KDDCup,CSMOTE,99.9999999997549,92.1228692230509
140000,KDDCup,CSMOTE,95.78864194040808,99.99999921908056
145000,KDDCup,CSMOTE,98.36530841845216,98.65345592522121
150000,KDDCup,CSMOTE,99.61059932594357,98.4138926715088
155000,KDDCup,CSMOTE,99.99999999999626,98.4138926715088
160000,KDDCup,CSMOTE,100.0,98.4138926715088
165000,KDDCup,CSMOTE,100.0,98.4138926715088
170000,KDDCup,CSMOTE,100.0,98.4138926715088
175000,KDDCup,CSMOTE,100.0,98.4138926715088
180000,KDDCup,CSMOTE,100.0,98.4138926715088
185000,KDDCup,CSMOTE,100.0,98.4138926715088
190000,KDDCup,CSMOTE,100.0,98.4138926715088
195000,KDDCup,CSMOTE,100.0,98.4138926715088
200000,KDDCup,CSMOTE,100.0,98.4138926715088
205000,KDDCup,CSMOTE,100.0,98.4138926715088
210000,KDDCup,CSMOTE,100.0,98.4138926715088
215000,KDDCup,CSMOTE,100.0,98.4138926715088
220000,KDDCup,CSMOTE,100.0,98.4138926715088
225000,KDDCup,CSMOTE,100.0,98.4138926715088
230000,KDDCup,CSMOTE,100.0,98.4138926715088
235000,KDDCup,CSMOTE,100.0,98.4138926715088
240000,KDDCup,CSMOTE,100.0,98.4138926715088
245000,KDDCup,CSMOTE,100.0,98.4138926715088
250000,KDDCup,CSMOTE,100.0,98.4138926715088
255000,KDDCup,CSMOTE,100.0,98.4138926715088
260000,KDDCup,CSMOTE,100.0,98.4138926715088
265000,KDDCup,CSMOTE,100.0,98.4138926715088
270000,KDDCup,CSMOTE,100.0,98.4138926715088
275000,KDDCup,CSMOTE,100.0,98.4138926715088
280000,KDDCup,CSMOTE,100.0,98.4138926715088
285000,KDDCup,CSMOTE,100.0,98.4138926715088
290000,KDDCup,CSMOTE,100.0,98.4138926715088
295000,KDDCup,CSMOTE,100.0,98.4138926715088
300000,KDDCup,CSMOTE,100.0,98.4138926715088
305000,KDDCup,CSMOTE,100.0,98.4138926715088
310000,KDDCup,CSMOTE,100.0,98.4138926715088
315000,KDDCup,CSMOTE,100.0,98.4138926715088
320000,KDDCup,CSMOTE,100.0,98.4138926715088
325000,KDDCup,CSMOTE,100.0,98.4138926715088
330000,KDDCup,CSMOTE,100.0,98.4138926715088
335000,KDDCup,CSMOTE,100.0,98.4138926715088
340000,KDDCup,CSMOTE,100.0,98.4138926715088
345000,KDDCup,CSMOTE,99.4159105443422,99.94329511972025
350000,KDDCup,CSMOTE,99.87958186266054,99.6633295161338
355000,KDDCup,CSMOTE,99.94904723727271,95.18472467826618
360000,KDDCup,CSMOTE,99.9964712619243,93.44659239765929
365000,KDDCup,CSMOTE,99.99097757571018,92.20721649629682
370000,KDDCup,CSMOTE,99.08444085141367,89.06363762723129
375000,KDDCup,CSMOTE,99.99999762928644,99.20520118374829
380000,KDDCup,CSMOTE,100.0,99.20520118374829
385000,KDDCup,CSMOTE,100.0,99.20520118374829
390000,KDDCup,CSMOTE,100.0,99.20520118374829
395000,KDDCup,CSMOTE,100.0,99.20520118374829
400000,KDDCup,CSMOTE,99.99999893861607,98.67223535304504
405000,KDDCup,CSMOTE,100.0,98.67223535304504
410000,KDDCup,CSMOTE,100.0,98.67223535304504
415000,KDDCup,CSMOTE,100.0,98.67223535304504
420000,KDDCup,CSMOTE,100.0,98.67223535304504
425000,KDDCup,CSMOTE,100.0,98.67223535304504
430000,KDDCup,CSMOTE,100.0,98.67223535304504
435000,KDDCup,CSMOTE,100.0,98.67223535304504
440000,KDDCup,CSMOTE,100.0,98.67223535304504
445000,KDDCup,CSMOTE,100.0,98.67223535304504
450000,KDDCup,CSMOTE,100.0,99.5494794709234
455000,KDDCup,CSMOTE,92.73256524952944,98.74462245685858
460000,KDDCup,CSMOTE,95.00676436376101,99.99038665233583
465000,KDDCup,CSMOTE,99.99977567544182,91.49090004782373
470000,KDDCup,CSMOTE,99.77671440673863,87.03296680352805
475000,KDDCup,CSMOTE,99.76635169446122,83.11328941760829
480000,KDDCup,CSMOTE,99.98621848308582,81.41431887597251
485000,KDDCup,CSMOTE,95.10661718101379,99.46530622200535
490000,KDDCup,CSMOTE,99.99999797420847,99.57808751939346
495000,KDDCup,CSMOTE,97.0419850608021,99.99999384735477
500000,KDDCup,CSMOTE,0.0,0.0
5000,KDDCup,RebalanceStream,21.154660846878496,99.81640589563612
10000,KDDCup,RebalanceStream,99.99993573835613,99.65086763485476
15000,KDDCup,RebalanceStream,97.74473859838966,99.99999993296147
20000,KDDCup,RebalanceStream,91.71488462828061,99.39754641651916
25000,KDDCup,RebalanceStream,85.84552460137785,99.99974607030593
30000,KDDCup,RebalanceStream,74.92203924594138,99.99839821949213
35000,KDDCup,RebalanceStream,71.65282904180229,99.9999984946202
40000,KDDCup,RebalanceStream,92.40733966467191,98.63072403922354
45000,KDDCup,RebalanceStream,99.99942903097451,97.70618982371516
50000,KDDCup,RebalanceStream,100.0,97.70618982371516
55000,KDDCup,RebalanceStream,96.949085671399,80.96621643359448
60000,KDDCup,RebalanceStream,99.99999999639293,73.60709981278633
65000,KDDCup,RebalanceStream,100.0,73.60709981278633
70000,KDDCup,RebalanceStream,100.0,73.60709981278633
75000,KDDCup,RebalanceStream,90.08071763494978,99.45099162127511
80000,KDDCup,RebalanceStream,85.32148294943408,99.97312384381917
85000,KDDCup,RebalanceStream,92.4338751798223,99.99992122609464
90000,KDDCup,RebalanceStream,94.77436087711615,99.99999980202236
95000,KDDCup,RebalanceStream,99.99999880125542,97.40850589148705
100000,KDDCup,RebalanceStream,100.0,97.40850589148705
105000,KDDCup,RebalanceStream,98.4963507913834,99.98480502394582
110000,KDDCup,RebalanceStream,99.99970642701864,99.92822357528767
115000,KDDCup,RebalanceStream,100.0,99.92822357528767
120000,KDDCup,RebalanceStream,100.0,99.92822357528767
125000,KDDCup,RebalanceStream,99.99999998075509,92.43391094695416
130000,KDDCup,RebalanceStream,99.99538767836624,90.31514359336056
135000,KDDCup,RebalanceStream,100.0,90.31514359336056
140000,KDDCup,RebalanceStream,96.11987839132199,99.99412536288504
145000,KDDCup,RebalanceStream,96.36648518413675,96.39585265206108
150000,KDDCup,RebalanceStream,97.95375924558938,90.5862023768161
155000,KDDCup,RebalanceStream,99.99999999997488,90.5862023768161
160000,KDDCup,RebalanceStream,100.0,90.5862023768161
165000,KDDCup,RebalanceStream,100.0,90.5862023768161
170000,KDDCup,RebalanceStream,100.0,90.5862023768161
175000,KDDCup,RebalanceStream,100.0,90.5862023768161
180000,KDDCup,RebalanceStream,100.0,90.5862023768161
185000,KDDCup,RebalanceStream,100.0,90.5862023768161
190000,KDDCup,RebalanceStream,100.0,90.5862023768161
195000,KDDCup,RebalanceStream,100.0,90.5862023768161
200000,KDDCup,RebalanceStream,100.0,90.5862023768161
205000,KDDCup,RebalanceStream,100.0,90.5862023768161
210000,KDDCup,RebalanceStream,100.0,90.5862023768161
215000,KDDCup,RebalanceStream,100.0,90.5862023768161
220000,KDDCup,RebalanceStream,100.0,90.5862023768161
225000,KDDCup,RebalanceStream,100.0,90.5862023768161
230000,KDDCup,RebalanceStream,100.0,90.5862023768161
235000,KDDCup,RebalanceStream,100.0,90.5862023768161
240000,KDDCup,RebalanceStream,100.0,90.5862023768161
245000,KDDCup,RebalanceStream,100.0,90.5862023768161
250000,KDDCup,RebalanceStream,100.0,90.5862023768161
255000,KDDCup,RebalanceStream,100.0,90.5862023768161
260000,KDDCup,RebalanceStream,100.0,90.5862023768161
265000,KDDCup,RebalanceStream,100.0,90.5862023768161
270000,KDDCup,RebalanceStream,100.0,90.5862023768161
275000,KDDCup,RebalanceStream,100.0,90.5862023768161
280000,KDDCup,RebalanceStream,100.0,90.5862023768161
285000,KDDCup,RebalanceStream,100.0,90.5862023768161
290000,KDDCup,RebalanceStream,100.0,90.5862023768161
295000,KDDCup,RebalanceStream,100.0,90.5862023768161
300000,KDDCup,RebalanceStream,100.0,90.5862023768161
305000,KDDCup,RebalanceStream,100.0,90.5862023768161
310000,KDDCup,RebalanceStream,100.0,90.5862023768161
315000,KDDCup,RebalanceStream,100.0,90.5862023768161
320000,KDDCup,RebalanceStream,100.0,90.5862023768161
325000,KDDCup,RebalanceStream,100.0,90.5862023768161
330000,KDDCup,RebalanceStream,100.0,90.5862023768161
335000,KDDCup,RebalanceStream,100.0,90.5862023768161
340000,KDDCup,RebalanceStream,100.0,90.5862023768161
345000,KDDCup,RebalanceStream,94.26560946220866,97.65117933912278
350000,KDDCup,RebalanceStream,99.86642217122541,99.74937210230813
355000,KDDCup,RebalanceStream,99.71172702379997,90.25655218999923
360000,KDDCup,RebalanceStream,99.96993887022838,87.53383023944225
365000,KDDCup,RebalanceStream,99.99999937729127,85.07470622520437
370000,KDDCup,RebalanceStream,99.08471776787961,84.67779814695699
375000,KDDCup,RebalanceStream,99.9999931630553,98.5417861142664
380000,KDDCup,RebalanceStream,100.0,98.5417861142664
385000,KDDCup,RebalanceStream,100.0,98.5417861142664
390000,KDDCup,RebalanceStream,100.0,98.5417861142664
395000,KDDCup,RebalanceStream,100.0,98.5417861142664
400000,KDDCup,RebalanceStream,99.99999953458642,99.17765160190721
405000,KDDCup,RebalanceStream,100.0,99.17765160190721
410000,KDDCup,RebalanceStream,100.0,99.17765160190721
415000,KDDCup,RebalanceStream,100.0,99.17765160190721
420000,KDDCup,RebalanceStream,100.0,99.17765160190721
425000,KDDCup,RebalanceStream,100.0,99.17765160190721
430000,KDDCup,RebalanceStream,100.0,99.17765160190721
435000,KDDCup,RebalanceStream,100.0,99.17765160190721
440000,KDDCup,RebalanceStream,100.0,99.17765160190721
445000,KDDCup,RebalanceStream,100.0,99.17765160190721
450000,KDDCup,RebalanceStream,99.74937343358395,99.63254804738247
455000,KDDCup,RebalanceStream,95.51103911841146,99.99841920245444
460000,KDDCup,RebalanceStream,95.59431476182588,99.99225862706838
465000,KDDCup,RebalanceStream,99.99977567716904,91.99025513129394
470000,KDDCup,RebalanceStream,99.77671440671908,87.0343893264364
475000,KDDCup,RebalanceStream,99.99995368330381,83.84588523359977
480000,KDDCup,RebalanceStream,99.99999999996362,82.87123055448387
485000,KDDCup,RebalanceStream,95.10761144295633,99.4652498943572
490000,KDDCup,RebalanceStream,99.99999803244098,99.57949938331969
495000,KDDCup,RebalanceStream,97.59067944376135,99.99999392734641
500000,KDDCup,RebalanceStream,0.0,0.0
5000,PAKDD,improved_OOB,78.64191618534755,35.586341367031075
10000,PAKDD,improved_OOB,79.46934866907156,29.595777972273034
15000,PAKDD,improved_OOB,84.34514922843962,32.70900446485995
20000,PAKDD,improved_OOB,79.9214137099591,35.26676944076984
25000,PAKDD,improved_OOB,74.4741175133581,35.032378186619205
30000,PAKDD,improved_OOB,79.65333154941312,37.2145159119177
35000,PAKDD,improved_OOB,77.17593293261652,31.580399656434444
40000,PAKDD,improved_OOB,76.35080290957889,34.464798459054585
45000,PAKDD,improved_OOB,81.87796294065367,31.87493963897301
50000,PAKDD,improved_OOB,83.39107532405355,38.75132507501307
5000,PAKDD,WEOB1,58.32676363070574,39.68980590087437
10000,PAKDD,WEOB1,68.6273348531596,34.185495585682496
15000,PAKDD,WEOB1,76.73196035260362,35.792786088248654
20000,PAKDD,WEOB1,75.63655276191686,37.637780742589655
25000,PAKDD,WEOB1,69.84707880233647,35.76636040682012
30000,PAKDD,WEOB1,73.23577725593181,37.79080306927056
35000,PAKDD,WEOB1,72.81305308485459,38.49324452488304
40000,PAKDD,WEOB1,72.58291301514511,35.47172937013659
45000,PAKDD,WEOB1,72.89292052624093,33.748630697513796
50000,PAKDD,WEOB1,77.1767613869708,40.33592855003199
5000,PAKDD,OOB,64.9273334649482,39.507732782151386
10000,PAKDD,OOB,61.568272458521406,32.39615908084671
15000,PAKDD,OOB,72.19192445369903,35.26800521037132
20000,PAKDD,OOB,71.9019831597508,37.42206592106061
25000,PAKDD,OOB,72.71873069923889,35.74792150532243
30000,PAKDD,OOB,70.22402363928187,38.992634886790825
35000,PAKDD,OOB,70.32499343943822,38.70739699240334
40000,PAKDD,OOB,73.34614215934185,36.17400172210335
45000,PAKDD,OOB,71.23960872315544,32.696929566761135
50000,PAKDD,OOB,75.68552171072979,40.72184009118161
5000,PAKDD,ESOS_ELM,88.16020972947526,0.0
10000,PAKDD,ESOS_ELM,91.37086786572681,0.0
15000,PAKDD,ESOS_ELM,63.2614859296757,32.99420184093555
20000,PAKDD,ESOS_ELM,64.50955367609589,32.700041681122975
25000,PAKDD,ESOS_ELM,63.51736973378504,30.173097578201766
30000,PAKDD,ESOS_ELM,62.72662240954166,32.81122204693294
35000,PAKDD,ESOS_ELM,63.65164712342987,35.23187117679853
40000,PAKDD,ESOS_ELM,67.21830519640191,33.01420184967371
45000,PAKDD,ESOS_ELM,67.16179167742547,29.9187018827427
50000,PAKDD,ESOS_ELM,65.39623185366597,31.80770735124936
5000,PAKDD,improved_UOB,40.95514556353733,38.55026003956777
10000,PAKDD,improved_UOB,58.39165671305146,33.387424253312204
15000,PAKDD,improved_UOB,72.0267662503561,37.80377733401646
20000,PAKDD,improved_UOB,66.08506634449415,38.564273490230725
25000,PAKDD,improved_UOB,64.72981594477766,35.72564180019309
30000,PAKDD,improved_UOB,59.949872750279226,38.84117529187252
35000,PAKDD,improved_UOB,64.4063906894986,39.577010967681865
40000,PAKDD,improved_UOB,69.41411998848491,37.84148214729164
45000,PAKDD,improved_UOB,64.10747524357545,33.06716094745709
50000,PAKDD,improved_UOB,70.05261550924561,38.454912132452414
5000,PAKDD,WEOB2,34.216880860817824,37.911730300482816
10000,PAKDD,WEOB2,55.76863688053159,33.37687268656664
15000,PAKDD,WEOB2,76.28196888959864,38.23070953923748
20000,PAKDD,WEOB2,75.38884327840584,40.029016917135
25000,PAKDD,WEOB2,58.0457585865402,34.64875789892391
30000,PAKDD,WEOB2,57.78448078299,38.48560192057234
35000,PAKDD,WEOB2,67.6760915050519,40.410443966357825
40000,PAKDD,WEOB2,66.85270681252027,37.094800636173474
45000,PAKDD,WEOB2,62.212128269923866,33.70394548303783
50000,PAKDD,WEOB2,64.65626717235219,38.0102961964086
5000,PAKDD,UOB,34.3814229874862,37.41681208024325
10000,PAKDD,UOB,48.69367518970751,32.7803361106187
15000,PAKDD,UOB,46.87338217681836,36.266607252351825
20000,PAKDD,UOB,52.625581236280496,37.380452310293826
25000,PAKDD,UOB,50.07627095800644,33.27000072419723
30000,PAKDD,UOB,50.293453344693674,37.850938667053875
35000,PAKDD,UOB,49.457216938856035,40.78666750070588
40000,PAKDD,UOB,50.601058743639825,38.328474872949165
45000,PAKDD,UOB,47.56292710592768,33.783533537283226
50000,PAKDD,UOB,54.16258442360812,38.45993010073272
5000,PAKDD,CSMOTE,68.81267268708791,38.27298145245141
10000,PAKDD,CSMOTE,55.45664127408861,32.89520701247881
15000,PAKDD,CSMOTE,73.29117867321064,32.76300713150396
20000,PAKDD,CSMOTE,79.71500081441901,32.29499182076611
25000,PAKDD,CSMOTE,67.9154872930733,32.647168912739694
30000,PAKDD,CSMOTE,67.85261019831736,32.75921398174335
35000,PAKDD,CSMOTE,68.42640753785771,39.2501721070772
40000,PAKDD,CSMOTE,73.3931505157542,34.874527147874474
45000,PAKDD,CSMOTE,56.60404628218414,32.49801878259559
50000,PAKDD,CSMOTE,71.05150385775893,34.650514151909086
5000,PAKDD,RebalanceStream,88.16009707691897,0.15067818708852973
10000,PAKDD,RebalanceStream,91.36050991633475,0.0014186086311435214
15000,PAKDD,RebalanceStream,88.96620128452126,2.8532789354138752
20000,PAKDD,RebalanceStream,89.28533485495964,1.8090402970547204
25000,PAKDD,RebalanceStream,90.69867058037812,0.03446273127850092
30000,PAKDD,RebalanceStream,88.54132246996731,2.2774534988199067
35000,PAKDD,RebalanceStream,86.23272289119322,1.2819891473617766
40000,PAKDD,RebalanceStream,88.8845820297637,0.04158304038105441
45000,PAKDD,RebalanceStream,90.02525687717103,0.5188615000341316
50000,PAKDD,RebalanceStream,89.39925778792134,1.0005424453085716
5000,Elec,improved_OOB,94.38199617519355,89.44455944120752
10000,Elec,improved_OOB,92.49275476469147,93.13263585965285
15000,Elec,improved_OOB,93.59460511182066,91.16682899133504
20000,Elec,improved_OOB,91.5659633369523,90.60769165988721
25000,Elec,improved_OOB,86.05595206243845,78.40863907480527
30000,Elec,improved_OOB,89.15746349109166,82.33581944143857
35000,Elec,improved_OOB,87.01134090076657,74.95650295677694
40000,Elec,improved_OOB,89.20351910772999,93.68989103824754
45000,Elec,improved_OOB,92.82940264342174,87.86860839213573
50000,Elec,improved_OOB,91.61131818424236,89.54211185757094
5000,Elec,WEOB1,93.53379763307305,87.88680736781608
10000,Elec,WEOB1,90.22750738406349,91.88838535447793
15000,Elec,WEOB1,93.0313080312445,90.17367058542098
20000,Elec,WEOB1,91.25743998573192,89.97715899232881
25000,Elec,WEOB1,85.48492660487614,79.22561736004582
30000,Elec,WEOB1,88.284817338671,81.73445381207182
35000,Elec,WEOB1,88.16309828791319,77.0404717979941
40000,Elec,WEOB1,89.82305464712843,94.44413940463282
45000,Elec,WEOB1,89.00501303815693,81.09876333588518
50000,Elec,WEOB1,86.80867917840645,83.5176629107432
5000,Elec,OOB,93.88206306920505,89.08703734473896
10000,Elec,OOB,93.19159494493394,93.8826586268517
15000,Elec,OOB,93.30144560848503,90.6587556368446
20000,Elec,OOB,91.96633526160984,90.73181711726907
25000,Elec,OOB,86.5623442923005,82.32910917416201
30000,Elec,OOB,89.06231944673736,82.99256140571649
35000,Elec,OOB,90.38145985650172,81.34846478637319
40000,Elec,OOB,92.5938883353774,95.3341890684002
45000,Elec,OOB,92.15774224436157,88.1697960757132
50000,Elec,OOB,92.05779973165123,90.27102333708115
5000,Elec,ESOS_ELM,80.04756748299678,0.0
10000,Elec,ESOS_ELM,64.38950729769793,0.0
15000,Elec,ESOS_ELM,75.29796903862044,70.95693965141773
20000,Elec,ESOS_ELM,68.24653091802881,75.19369723143129
25000,Elec,ESOS_ELM,79.00772544159308,59.486534622545186
30000,Elec,ESOS_ELM,69.35862065488239,47.35221924009461
35000,Elec,ESOS_ELM,59.16061980392357,52.867619785882994
40000,Elec,ESOS_ELM,66.21314210252174,70.0761447717731
45000,Elec,ESOS_ELM,83.42812033739366,72.72906474266304
50000,Elec,ESOS_ELM,82.05803447275369,74.39821085877807
5000,Elec,improved_UOB,91.59181119633752,84.48219793465255
10000,Elec,improved_UOB,85.54556273406664,88.75232770864078
15000,Elec,improved_UOB,87.6032265467701,81.44688533538104
20000,Elec,improved_UOB,88.815096349647,86.55074006655808
25000,Elec,improved_UOB,82.23420669845721,75.16902556346369
30000,Elec,improved_UOB,87.29082873532022,81.37626668238521
35000,Elec,improved_UOB,83.7838088862246,72.53671018755179
40000,Elec,improved_UOB,88.87430451719796,94.25803297829746
45000,Elec,improved_UOB,87.00091871437495,75.67631620128726
50000,Elec,improved_UOB,85.24672335053926,80.87862933766917
5000,Elec,WEOB2,89.39502646680971,80.2322158169566
10000,Elec,WEOB2,86.64537478307805,89.54326061259653
15000,Elec,WEOB2,84.18118342066211,74.3228188897144
20000,Elec,WEOB2,90.76557563917218,89.63447603333029
25000,Elec,WEOB2,77.56465702747893,71.24346980949495
30000,Elec,WEOB2,70.49420185682513,68.81451489801884
35000,Elec,WEOB2,87.88367491455845,76.13710697492702
40000,Elec,WEOB2,80.05418013357617,92.03570255409589
45000,Elec,WEOB2,86.5429247581974,76.81412479509645
50000,Elec,WEOB2,84.84690231713866,81.44254789744899
5000,Elec,UOB,92.98482368164865,86.79620811975124
10000,Elec,UOB,89.96081685834655,90.65656709276492
15000,Elec,UOB,92.08434735684708,87.45139573809361
20000,Elec,UOB,89.16189921703177,88.20815314978952
25000,Elec,UOB,81.62482890771196,72.43889236721655
30000,Elec,UOB,86.68238574830185,76.48493276823957
35000,Elec,UOB,82.47801772849769,67.11339168457648
40000,Elec,UOB,91.43569944088824,94.58524876094279
45000,Elec,UOB,91.81240464381855,84.41314413446602
50000,Elec,UOB,92.47237348605006,89.19784732448036
5000,Elec,CSMOTE,89.72374289585424,81.94477576660731
10000,Elec,CSMOTE,81.82423023651333,79.30991944783752
15000,Elec,CSMOTE,92.39317905750431,88.6293863269042
20000,Elec,CSMOTE,88.32074668340282,86.08640278438818
25000,Elec,CSMOTE,77.67659815746572,74.97048439507954
30000,Elec,CSMOTE,86.99057592611322,79.67389125609076
35000,Elec,CSMOTE,89.27833436809853,75.92437860006763
40000,Elec,CSMOTE,86.77823278998822,91.67672721365535
45000,Elec,CSMOTE,88.0116331424929,70.97266682685454
50000,Elec,CSMOTE,87.57054134191107,80.5271195352094
5000,Elec,RebalanceStream,89.1739927558882,79.9460628279417
10000,Elec,RebalanceStream,88.19337107678007,87.53156458947717
15000,Elec,RebalanceStream,91.94639992280635,88.14968991371161
20000,Elec,RebalanceStream,82.82285644798068,79.22138011382704
25000,Elec,RebalanceStream,77.32784847463667,58.87364707703523
30000,Elec,RebalanceStream,85.05768906044572,75.31247782226333
35000,Elec,RebalanceStream,83.30450128524532,71.94433767289283
40000,Elec,RebalanceStream,80.19574787106126,85.83968712117516
45000,Elec,RebalanceStream,83.2185528966096,74.44243929855442
50000,Elec,RebalanceStream,81.83684728429708,78.01506404778024
