Instances,ds,alg,Recall_0,Recall_1
5000,KDDCup,improved_OOB,25.062341788063954,99.97446452297004
10000,KDDCup,improved_OOB,99.9999529678933,99.57228923385641
15000,KDDCup,improved_OOB,99.99999997288988,99.99999994892485
20000,KDDCup,improved_OOB,60.04419372798926,99.97696747053145
25000,KDDCup,improved_OOB,63.55860928205492,99.99974826863395
30000,KDDCup,improved_OOB,70.79080704370107,99.99999997785332
35000,KDDCup,improved_OOB,70.43685300773451,100.0
40000,KDDCup,improved_OOB,89.7663474533863,99.91349359476396
45000,KDDCup,improved_OOB,99.99937177496437,99.99999879074527
50000,KDDCup,improved_OOB,100.0,99.99999879074527
55000,KDDCup,improved_OOB,91.84217450606943,99.89966991577877
60000,KDDCup,improved_OOB,98.96769745860367,99.89966991577877
65000,KDDCup,improved_OOB,97.30612749615695,99.89966991577877
70000,KDDCup,improved_OOB,98.5567250806553,99.89966991577877
75000,KDDCup,improved_OOB,96.31265801909488,99.97956769892197
80000,KDDCup,improved_OOB,91.14240645680907,99.99650199889369
85000,KDDCup,improved_OOB,93.2394334657157,100.0
90000,KDDCup,improved_OOB,96.61048834863846,100.0
95000,KDDCup,improved_OOB,99.99999709484017,100.0
100000,KDDCup,improved_OOB,100.0,100.0
105000,KDDCup,improved_OOB,100.0,99.98418487466314
110000,KDDCup,improved_OOB,98.75257877620027,99.99999999759723
115000,KDDCup,improved_OOB,97.65734506774164,99.99999999759723
120000,KDDCup,improved_OOB,98.38426048623452,99.99999999759723
125000,KDDCup,improved_OOB,99.99817278564524,99.99999999759723
130000,KDDCup,improved_OOB,99.99919868055586,97.60728404776683
135000,KDDCup,improved_OOB,100.0,97.60728404776683
140000,KDDCup,improved_OOB,99.38654251260252,99.99999983021505
145000,KDDCup,improved_OOB,98.67280354522676,99.06251137003221
150000,KDDCup,improved_OOB,99.33301039722836,99.66771423252247
155000,KDDCup,improved_OOB,99.99999999999262,99.66771423252247
160000,KDDCup,improved_OOB,100.0,99.66771423252247
165000,KDDCup,improved_OOB,100.0,99.66771423252247
170000,KDDCup,improved_OOB,100.0,99.66771423252247
175000,KDDCup,improved_OOB,100.0,99.66771423252247
180000,KDDCup,improved_OOB,100.0,99.66771423252247
185000,KDDCup,improved_OOB,100.0,99.66771423252247
190000,KDDCup,improved_OOB,100.0,99.66771423252247
195000,KDDCup,improved_OOB,100.0,99.66771423252247
200000,KDDCup,improved_OOB,100.0,99.66771423252247
205000,KDDCup,improved_OOB,100.0,99.66771423252247
210000,KDDCup,improved_OOB,100.0,99.66771423252247
215000,KDDCup,improved_OOB,100.0,99.66771423252247
220000,KDDCup,improved_OOB,100.0,99.66771423252247
225000,KDDCup,improved_OOB,100.0,99.66771423252247
230000,KDDCup,improved_OOB,100.0,99.66771423252247
235000,KDDCup,improved_OOB,100.0,99.66771423252247
240000,KDDCup,improved_OOB,100.0,99.66771423252247
245000,KDDCup,improved_OOB,100.0,99.66771423252247
250000,KDDCup,improved_OOB,100.0,99.66771423252247
255000,KDDCup,improved_OOB,100.0,99.66771423252247
260000,KDDCup,improved_OOB,100.0,99.66771423252247
265000,KDDCup,improved_OOB,100.0,99.66771423252247
270000,KDDCup,improved_OOB,100.0,99.66771423252247
275000,KDDCup,improved_OOB,100.0,99.66771423252247
280000,KDDCup,improved_OOB,100.0,99.66771423252247
285000,KDDCup,improved_OOB,100.0,99.66771423252247
290000,KDDCup,improved_OOB,100.0,99.66771423252247
295000,KDDCup,improved_OOB,100.0,99.66771423252247
300000,KDDCup,improved_OOB,100.0,99.66771423252247
305000,KDDCup,improved_OOB,100.0,99.66771423252247
310000,KDDCup,improved_OOB,100.0,99.66771423252247
315000,KDDCup,improved_OOB,100.0,99.66771423252247
320000,KDDCup,improved_OOB,100.0,99.66771423252247
325000,KDDCup,improved_OOB,100.0,99.66771423252247
330000,KDDCup,improved_OOB,100.0,99.66771423252247
335000,KDDCup,improved_OOB,100.0,99.66771423252247
340000,KDDCup,improved_OOB,100.0,99.66771423252247
345000,KDDCup,improved_OOB,98.06740904685024,99.99995909609746
350000,KDDCup,improved_OOB,99.93326047780292,99.99999996362229
355000,KDDCup,improved_OOB,99.71904607668024,99.99999996362229
360000,KDDCup,improved_OOB,99.99294305127655,99.99999996362229
365000,KDDCup,improved_OOB,99.9999976155576,99.99999996362229
370000,KDDCup,improved_OOB,98.68711224167781,98.06615358937448
375000,KDDCup,improved_OOB,99.99999999346038,99.90854269705392
380000,KDDCup,improved_OOB,100.0,99.90854269705392
385000,KDDCup,improved_OOB,100.0,99.90854269705392
390000,KDDCup,improved_OOB,100.0,99.90854269705392
395000,KDDCup,improved_OOB,100.0,99.90854269705392
400000,KDDCup,improved_OOB,99.99999968791262,99.68968479629096
405000,KDDCup,improved_OOB,100.0,99.68968479629096
410000,KDDCup,improved_OOB,100.0,99.68968479629096
415000,KDDCup,improved_OOB,100.0,99.68968479629096
420000,KDDCup,improved_OOB,100.0,99.68968479629096
425000,KDDCup,improved_OOB,100.0,99.68968479629096
430000,KDDCup,improved_OOB,100.0,99.68968479629096
435000,KDDCup,improved_OOB,100.0,99.68968479629096
440000,KDDCup,improved_OOB,100.0,99.68968479629096
445000,KDDCup,improved_OOB,100.0,99.68968479629096
450000,KDDCup,improved_OOB,100.0,99.8943753180034
455000,KDDCup,improved_OOB,97.68476014768602,99.9977807515867
460000,KDDCup,improved_OOB,97.96185422124107,99.9999999959724
465000,KDDCup,improved_OOB,99.99999999997479,99.9999999959724
470000,KDDCup,improved_OOB,99.99999999998225,99.9999999959724
475000,KDDCup,improved_OOB,100.0,99.9999999959724
480000,KDDCup,improved_OOB,100.0,99.9999999959724
485000,KDDCup,improved_OOB,90.93693465176793,99.99996743476177
490000,KDDCup,improved_OOB,99.99999360935509,99.79503024121104
495000,KDDCup,improved_OOB,99.69559269480568,99.99999967837051
500000,KDDCup,improved_OOB,0.0,0.0
5000,KDDCup,WEOB1,74.8117167959156,99.1190935323939
10000,KDDCup,WEOB1,99.99998435161093,99.57228851544552
15000,KDDCup,WEOB1,99.9999999909799,99.25157290345666
20000,KDDCup,WEOB1,96.54885060490129,96.8680388082362
25000,KDDCup,WEOB1,89.38958680540667,99.99270082906163
30000,KDDCup,WEOB1,86.19828109698324,99.9999998605033
35000,KDDCup,WEOB1,85.76728969058749,100.0
40000,KDDCup,WEOB1,95.73094271348064,100.0
45000,KDDCup,WEOB1,99.99955799694739,98.46534378843403
50000,KDDCup,WEOB1,100.0,98.46534378843403
55000,KDDCup,WEOB1,93.2393802535304,97.07053699755214
60000,KDDCup,WEOB1,99.01437440987125,97.07053699755214
65000,KDDCup,WEOB1,97.30772107397458,97.07053699755214
70000,KDDCup,WEOB1,98.55979504297491,97.07053699755214
75000,KDDCup,WEOB1,97.62850701254739,99.27012860690016
80000,KDDCup,WEOB1,92.19483423652561,95.66441673816986
85000,KDDCup,WEOB1,95.41354630898073,97.76961017763732
90000,KDDCup,WEOB1,97.68493118700938,95.86902857474298
95000,KDDCup,WEOB1,99.99999969331715,98.24495236732086
100000,KDDCup,WEOB1,100.0,98.24495236732086
105000,KDDCup,WEOB1,100.0,98.5055467276709
110000,KDDCup,WEOB1,98.76372400311458,99.57070794276915
115000,KDDCup,WEOB1,97.65976832523002,99.57070794276915
120000,KDDCup,WEOB1,98.38448524389445,99.57070794276915
125000,KDDCup,WEOB1,99.9981728143262,99.57070794276915
130000,KDDCup,WEOB1,99.99922822901608,96.219048621648
135000,KDDCup,WEOB1,100.0,96.219048621648
140000,KDDCup,WEOB1,100.0,98.94215613958683
145000,KDDCup,WEOB1,98.99646975911321,98.35146122411389
150000,KDDCup,WEOB1,99.58261561438476,99.27253582741243
155000,KDDCup,WEOB1,99.99999999999588,99.27253582741243
160000,KDDCup,WEOB1,100.0,99.27253582741243
165000,KDDCup,WEOB1,100.0,99.27253582741243
170000,KDDCup,WEOB1,100.0,99.27253582741243
175000,KDDCup,WEOB1,100.0,99.27253582741243
180000,KDDCup,WEOB1,100.0,99.27253582741243
185000,KDDCup,WEOB1,100.0,99.27253582741243
190000,KDDCup,WEOB1,100.0,99.27253582741243
195000,KDDCup,WEOB1,100.0,99.27253582741243
200000,KDDCup,WEOB1,100.0,99.27253582741243
205000,KDDCup,WEOB1,100.0,99.27253582741243
210000,KDDCup,WEOB1,100.0,99.27253582741243
215000,KDDCup,WEOB1,100.0,99.27253582741243
220000,KDDCup,WEOB1,100.0,99.27253582741243
225000,KDDCup,WEOB1,100.0,99.27253582741243
230000,KDDCup,WEOB1,100.0,99.27253582741243
235000,KDDCup,WEOB1,100.0,99.27253582741243
240000,KDDCup,WEOB1,100.0,99.27253582741243
245000,KDDCup,WEOB1,100.0,99.27253582741243
250000,KDDCup,WEOB1,100.0,99.27253582741243
255000,KDDCup,WEOB1,100.0,99.27253582741243
260000,KDDCup,WEOB1,100.0,99.27253582741243
265000,KDDCup,WEOB1,100.0,99.27253582741243
270000,KDDCup,WEOB1,100.0,99.27253582741243
275000,KDDCup,WEOB1,100.0,99.27253582741243
280000,KDDCup,WEOB1,100.0,99.27253582741243
285000,KDDCup,WEOB1,100.0,99.27253582741243
290000,KDDCup,WEOB1,100.0,99.27253582741243
295000,KDDCup,WEOB1,100.0,99.27253582741243
300000,KDDCup,WEOB1,100.0,99.27253582741243
305000,KDDCup,WEOB1,100.0,99.27253582741243
310000,KDDCup,WEOB1,100.0,99.27253582741243
315000,KDDCup,WEOB1,100.0,99.27253582741243
320000,KDDCup,WEOB1,100.0,99.27253582741243
325000,KDDCup,WEOB1,100.0,99.27253582741243
330000,KDDCup,WEOB1,100.0,99.27253582741243
335000,KDDCup,WEOB1,100.0,99.27253582741243
340000,KDDCup,WEOB1,100.0,99.27253582741243
345000,KDDCup,WEOB1,99.83318899932148,99.82317268024974
350000,KDDCup,WEOB1,99.97561972459037,99.76657179384621
355000,KDDCup,WEOB1,99.7190460767946,99.76657179384621
360000,KDDCup,WEOB1,99.75186330868749,99.76657179384621
365000,KDDCup,WEOB1,99.98195609031013,99.76657179384621
370000,KDDCup,WEOB1,99.52149110031722,98.32559429363711
375000,KDDCup,WEOB1,99.98780148105742,99.707327271247
380000,KDDCup,WEOB1,99.98764210810951,99.707327271247
385000,KDDCup,WEOB1,99.99991334892296,99.707327271247
390000,KDDCup,WEOB1,99.99998586522803,99.707327271247
395000,KDDCup,WEOB1,99.99973773242645,99.707327271247
400000,KDDCup,WEOB1,99.99999983306085,99.43348776046808
405000,KDDCup,WEOB1,100.0,99.43348776046808
410000,KDDCup,WEOB1,100.0,99.43348776046808
415000,KDDCup,WEOB1,100.0,99.43348776046808
420000,KDDCup,WEOB1,100.0,99.43348776046808
425000,KDDCup,WEOB1,100.0,99.43348776046808
430000,KDDCup,WEOB1,100.0,99.43348776046808
435000,KDDCup,WEOB1,100.0,99.43348776046808
440000,KDDCup,WEOB1,100.0,99.43348776046808
445000,KDDCup,WEOB1,100.0,99.43348776046808
450000,KDDCup,WEOB1,100.0,99.23336858188118
455000,KDDCup,WEOB1,99.67017337847844,99.56198904242956
460000,KDDCup,WEOB1,99.35809347098176,99.9583766142009
465000,KDDCup,WEOB1,99.99996024259458,99.9583766142009
470000,KDDCup,WEOB1,99.99999562545737,99.9583766142009
475000,KDDCup,WEOB1,99.06305737965774,99.9583766142009
480000,KDDCup,WEOB1,99.99999999998917,99.9583766142009
485000,KDDCup,WEOB1,99.52492564265913,99.91152096059908
490000,KDDCup,WEOB1,99.99999588246658,99.2242668048651
495000,KDDCup,WEOB1,99.99999996734938,99.99998344320089
500000,KDDCup,WEOB1,0.0,0.0
5000,KDDCup,OOB,0.0,99.99999999998658
10000,KDDCup,OOB,99.99995348330667,100.0
15000,KDDCup,OOB,99.99999997318695,99.9999999586034
20000,KDDCup,OOB,60.881450700803825,99.97696747112813
25000,KDDCup,OOB,64.15105879113993,99.99974826863395
30000,KDDCup,OOB,67.61653638459266,99.99999995646884
35000,KDDCup,OOB,67.27845370195519,100.0
40000,KDDCup,OOB,90.98209924083157,99.82655248397272
45000,KDDCup,OOB,99.9993479834602,98.73067626851339
50000,KDDCup,OOB,100.0,98.73067626851339
55000,KDDCup,OOB,92.29601791103677,99.68588757117514
60000,KDDCup,OOB,98.9907471907991,99.68588757117514
65000,KDDCup,OOB,97.30639588917212,99.68588757117514
70000,KDDCup,OOB,98.55604762298817,99.68588757117514
75000,KDDCup,OOB,96.31515801909396,99.9705976189646
80000,KDDCup,OOB,91.24690717008511,99.99999997213921
85000,KDDCup,OOB,93.06277932142815,100.0
90000,KDDCup,OOB,96.55775083901347,100.0
95000,KDDCup,OOB,99.99999709307586,100.0
100000,KDDCup,OOB,100.0,100.0
105000,KDDCup,OOB,100.0,99.98418487466314
110000,KDDCup,OOB,98.96926408026617,99.99999999759723
115000,KDDCup,OOB,99.63284439670369,99.99999999759723
120000,KDDCup,OOB,99.99988386209212,99.99999999759723
125000,KDDCup,OOB,99.99999984504463,99.99999999759723
130000,KDDCup,OOB,99.99842499008649,99.53388493806366
135000,KDDCup,OOB,100.0,99.53388493806366
140000,KDDCup,OOB,99.08060557338855,99.99999996403652
145000,KDDCup,OOB,99.09091309203527,99.17275063218607
150000,KDDCup,OOB,99.431468439054,99.96948142319437
155000,KDDCup,OOB,99.99999999999399,99.96948142319437
160000,KDDCup,OOB,100.0,99.96948142319437
165000,KDDCup,OOB,100.0,99.96948142319437
170000,KDDCup,OOB,100.0,99.96948142319437
175000,KDDCup,OOB,100.0,99.96948142319437
180000,KDDCup,OOB,100.0,99.96948142319437
185000,KDDCup,OOB,100.0,99.96948142319437
190000,KDDCup,OOB,100.0,99.96948142319437
195000,KDDCup,OOB,100.0,99.96948142319437
200000,KDDCup,OOB,100.0,99.96948142319437
205000,KDDCup,OOB,100.0,99.96948142319437
210000,KDDCup,OOB,100.0,99.96948142319437
215000,KDDCup,OOB,100.0,99.96948142319437
220000,KDDCup,OOB,100.0,99.96948142319437
225000,KDDCup,OOB,100.0,99.96948142319437
230000,KDDCup,OOB,100.0,99.96948142319437
235000,KDDCup,OOB,100.0,99.96948142319437
240000,KDDCup,OOB,100.0,99.96948142319437
245000,KDDCup,OOB,100.0,99.96948142319437
250000,KDDCup,OOB,100.0,99.96948142319437
255000,KDDCup,OOB,100.0,99.96948142319437
260000,KDDCup,OOB,100.0,99.96948142319437
265000,KDDCup,OOB,100.0,99.96948142319437
270000,KDDCup,OOB,100.0,99.96948142319437
275000,KDDCup,OOB,100.0,99.96948142319437
280000,KDDCup,OOB,100.0,99.96948142319437
285000,KDDCup,OOB,100.0,99.96948142319437
290000,KDDCup,OOB,100.0,99.96948142319437
295000,KDDCup,OOB,100.0,99.96948142319437
300000,KDDCup,OOB,100.0,99.96948142319437
305000,KDDCup,OOB,100.0,99.96948142319437
310000,KDDCup,OOB,100.0,99.96948142319437
315000,KDDCup,OOB,100.0,99.96948142319437
320000,KDDCup,OOB,100.0,99.96948142319437
325000,KDDCup,OOB,100.0,99.96948142319437
330000,KDDCup,OOB,100.0,99.96948142319437
335000,KDDCup,OOB,100.0,99.96948142319437
340000,KDDCup,OOB,100.0,99.96948142319437
345000,KDDCup,OOB,99.2665069135664,99.5632861951954
350000,KDDCup,OOB,99.91574580885978,99.99999999880535
355000,KDDCup,OOB,99.64695202913273,99.99999999880535
360000,KDDCup,OOB,99.93280813647458,99.99999999880535
365000,KDDCup,OOB,99.99999710869828,99.99999999880535
370000,KDDCup,OOB,99.99999999641123,97.56880065094413
375000,KDDCup,OOB,99.99999902627077,99.53050576672972
380000,KDDCup,OOB,100.0,99.53050576672972
385000,KDDCup,OOB,100.0,99.53050576672972
390000,KDDCup,OOB,100.0,99.53050576672972
395000,KDDCup,OOB,100.0,99.53050576672972
400000,KDDCup,OOB,99.99999937581596,99.93865191014346
405000,KDDCup,OOB,100.0,99.93865191014346
410000,KDDCup,OOB,100.0,99.93865191014346
415000,KDDCup,OOB,100.0,99.93865191014346
420000,KDDCup,OOB,100.0,99.93865191014346
425000,KDDCup,OOB,100.0,99.93865191014346
430000,KDDCup,OOB,100.0,99.93865191014346
435000,KDDCup,OOB,100.0,99.93865191014346
440000,KDDCup,OOB,100.0,99.93865191014346
445000,KDDCup,OOB,100.0,99.93865191014346
450000,KDDCup,OOB,100.0,99.97911841764595
455000,KDDCup,OOB,96.033811787649,99.99999751982782
460000,KDDCup,OOB,97.54286230518001,100.0
465000,KDDCup,OOB,99.9999999961641,100.0
470000,KDDCup,OOB,99.99999999998225,100.0
475000,KDDCup,OOB,100.0,100.0
480000,KDDCup,OOB,100.0,100.0
485000,KDDCup,OOB,97.83693522129614,99.99999999955789
490000,KDDCup,OOB,99.99999456420598,99.79725131673499
495000,KDDCup,OOB,99.38965576316359,99.99999925334588
500000,KDDCup,OOB,0.0,0.0
5000,KDDCup,ESOS_ELM,100.0,0.0
10000,KDDCup,ESOS_ELM,100.0,0.0
15000,KDDCup,ESOS_ELM,100.0,0.0
20000,KDDCup,ESOS_ELM,100.0,0.0
25000,KDDCup,ESOS_ELM,100.0,0.0
30000,KDDCup,ESOS_ELM,100.0,0.0
35000,KDDCup,ESOS_ELM,100.0,0.0
40000,KDDCup,ESOS_ELM,100.0,0.0
45000,KDDCup,ESOS_ELM,100.0,0.0
50000,KDDCup,ESOS_ELM,100.0,0.0
55000,KDDCup,ESOS_ELM,100.0,0.0
60000,KDDCup,ESOS_ELM,100.0,0.0
65000,KDDCup,ESOS_ELM,100.0,0.0
70000,KDDCup,ESOS_ELM,100.0,0.0
75000,KDDCup,ESOS_ELM,100.0,0.0
80000,KDDCup,ESOS_ELM,100.0,0.0
85000,KDDCup,ESOS_ELM,100.0,0.0
90000,KDDCup,ESOS_ELM,100.0,0.0
95000,KDDCup,ESOS_ELM,100.0,0.0
100000,KDDCup,ESOS_ELM,100.0,0.0
105000,KDDCup,ESOS_ELM,100.0,0.0
110000,KDDCup,ESOS_ELM,100.0,0.0
115000,KDDCup,ESOS_ELM,100.0,0.0
120000,KDDCup,ESOS_ELM,100.0,0.0
125000,KDDCup,ESOS_ELM,100.0,0.0
130000,KDDCup,ESOS_ELM,100.0,0.0
135000,KDDCup,ESOS_ELM,100.0,0.0
140000,KDDCup,ESOS_ELM,100.0,0.0
145000,KDDCup,ESOS_ELM,100.0,0.0
150000,KDDCup,ESOS_ELM,100.0,0.0
155000,KDDCup,ESOS_ELM,100.0,0.0
160000,KDDCup,ESOS_ELM,100.0,0.0
165000,KDDCup,ESOS_ELM,100.0,0.0
170000,KDDCup,ESOS_ELM,100.0,0.0
175000,KDDCup,ESOS_ELM,100.0,0.0
180000,KDDCup,ESOS_ELM,100.0,0.0
185000,KDDCup,ESOS_ELM,100.0,0.0
190000,KDDCup,ESOS_ELM,100.0,0.0
195000,KDDCup,ESOS_ELM,100.0,0.0
200000,KDDCup,ESOS_ELM,100.0,0.0
205000,KDDCup,ESOS_ELM,100.0,0.0
210000,KDDCup,ESOS_ELM,100.0,0.0
215000,KDDCup,ESOS_ELM,100.0,0.0
220000,KDDCup,ESOS_ELM,100.0,0.0
225000,KDDCup,ESOS_ELM,100.0,0.0
230000,KDDCup,ESOS_ELM,100.0,0.0
235000,KDDCup,ESOS_ELM,100.0,0.0
240000,KDDCup,ESOS_ELM,100.0,0.0
245000,KDDCup,ESOS_ELM,100.0,0.0
250000,KDDCup,ESOS_ELM,100.0,0.0
255000,KDDCup,ESOS_ELM,100.0,0.0
260000,KDDCup,ESOS_ELM,100.0,0.0
265000,KDDCup,ESOS_ELM,100.0,0.0
270000,KDDCup,ESOS_ELM,100.0,0.0
275000,KDDCup,ESOS_ELM,100.0,0.0
280000,KDDCup,ESOS_ELM,100.0,0.0
285000,KDDCup,ESOS_ELM,100.0,0.0
290000,KDDCup,ESOS_ELM,100.0,0.0
295000,KDDCup,ESOS_ELM,100.0,0.0
300000,KDDCup,ESOS_ELM,100.0,0.0
305000,KDDCup,ESOS_ELM,100.0,0.0
310000,KDDCup,ESOS_ELM,100.0,0.0
315000,KDDCup,ESOS_ELM,100.0,0.0
320000,KDDCup,ESOS_ELM,100.0,0.0
325000,KDDCup,ESOS_ELM,100.0,0.0
330000,KDDCup,ESOS_ELM,100.0,0.0
335000,KDDCup,ESOS_ELM,100.0,0.0
340000,KDDCup,ESOS_ELM,100.0,0.0
345000,KDDCup,ESOS_ELM,100.0,0.0
350000,KDDCup,ESOS_ELM,100.0,0.0
355000,KDDCup,ESOS_ELM,100.0,0.0
360000,KDDCup,ESOS_ELM,100.0,0.0
365000,KDDCup,ESOS_ELM,100.0,0.0
370000,KDDCup,ESOS_ELM,100.0,0.0
375000,KDDCup,ESOS_ELM,100.0,0.0
380000,KDDCup,ESOS_ELM,100.0,0.0
385000,KDDCup,ESOS_ELM,100.0,0.0
390000,KDDCup,ESOS_ELM,100.0,0.0
395000,KDDCup,ESOS_ELM,100.0,0.0
400000,KDDCup,ESOS_ELM,100.0,0.0
405000,KDDCup,ESOS_ELM,100.0,0.0
410000,KDDCup,ESOS_ELM,100.0,0.0
415000,KDDCup,ESOS_ELM,100.0,0.0
420000,KDDCup,ESOS_ELM,100.0,0.0
425000,KDDCup,ESOS_ELM,100.0,0.0
430000,KDDCup,ESOS_ELM,100.0,0.0
435000,KDDCup,ESOS_ELM,100.0,0.0
440000,KDDCup,ESOS_ELM,100.0,0.0
445000,KDDCup,ESOS_ELM,100.0,0.0
450000,KDDCup,ESOS_ELM,100.0,0.0
455000,KDDCup,ESOS_ELM,100.0,0.0
460000,KDDCup,ESOS_ELM,100.0,0.0
465000,KDDCup,ESOS_ELM,100.0,0.0
470000,KDDCup,ESOS_ELM,100.0,0.0
475000,KDDCup,ESOS_ELM,100.0,0.0
480000,KDDCup,ESOS_ELM,100.0,0.0
485000,KDDCup,ESOS_ELM,100.0,0.0
490000,KDDCup,ESOS_ELM,100.0,0.0
495000,KDDCup,ESOS_ELM,100.0,0.0
500000,KDDCup,ESOS_ELM,0.0,0.0
5000,KDDCup,improved_UOB,0.0,99.99999999998658
10000,KDDCup,improved_UOB,99.99995348330667,98.04159082745913
15000,KDDCup,improved_UOB,99.99999997318695,90.18241683036149
20000,KDDCup,improved_UOB,99.99999998530684,96.01408207448108
25000,KDDCup,improved_UOB,99.999999989603,99.56622414802334
30000,KDDCup,improved_UOB,95.40075070886859,99.99998423568158
35000,KDDCup,improved_UOB,94.92374695431616,99.7689371036417
40000,KDDCup,improved_UOB,98.11954250904353,98.26292288395517
45000,KDDCup,improved_UOB,99.99970101932772,97.73225309369434
50000,KDDCup,improved_UOB,100.0,97.73225309369434
55000,KDDCup,improved_UOB,94.60371676495289,97.03797594572595
60000,KDDCup,improved_UOB,99.06038812824728,97.03797594572595
65000,KDDCup,improved_UOB,97.30942322915044,97.03797594572595
70000,KDDCup,improved_UOB,98.56029985521205,97.03797594572595
75000,KDDCup,improved_UOB,97.30449829362895,98.59502591896975
80000,KDDCup,improved_UOB,91.71449446933443,95.44628039734566
85000,KDDCup,improved_UOB,95.45058668413576,96.66818114167977
90000,KDDCup,improved_UOB,97.69583320962577,95.86876845571271
95000,KDDCup,improved_UOB,99.99999971605321,95.25260695883024
100000,KDDCup,improved_UOB,100.0,95.25260695883024
105000,KDDCup,improved_UOB,100.0,96.32806409633623
110000,KDDCup,improved_UOB,98.86853500815243,99.34611681986549
115000,KDDCup,improved_UOB,97.6628457907682,99.34611681986549
120000,KDDCup,improved_UOB,98.38454267381857,99.34611681986549
125000,KDDCup,improved_UOB,98.34164766808462,99.34611681986549
130000,KDDCup,improved_UOB,99.99782247703534,97.90842831537502
135000,KDDCup,improved_UOB,100.0,97.90842831537502
140000,KDDCup,improved_UOB,100.0,97.2025114736978
145000,KDDCup,improved_UOB,92.78460260592088,96.90260091718801
150000,KDDCup,improved_UOB,99.63946368969074,96.19531881161846
155000,KDDCup,improved_UOB,99.9999999999967,96.19531881161846
160000,KDDCup,improved_UOB,100.0,96.19531881161846
165000,KDDCup,improved_UOB,100.0,96.19531881161846
170000,KDDCup,improved_UOB,100.0,96.19531881161846
175000,KDDCup,improved_UOB,100.0,96.19531881161846
180000,KDDCup,improved_UOB,100.0,96.19531881161846
185000,KDDCup,improved_UOB,100.0,96.19531881161846
190000,KDDCup,improved_UOB,100.0,96.19531881161846
195000,KDDCup,improved_UOB,100.0,96.19531881161846
200000,KDDCup,improved_UOB,100.0,96.19531881161846
205000,KDDCup,improved_UOB,100.0,96.19531881161846
210000,KDDCup,improved_UOB,100.0,96.19531881161846
215000,KDDCup,improved_UOB,100.0,96.19531881161846
220000,KDDCup,improved_UOB,100.0,96.19531881161846
225000,KDDCup,improved_UOB,100.0,96.19531881161846
230000,KDDCup,improved_UOB,100.0,96.19531881161846
235000,KDDCup,improved_UOB,100.0,96.19531881161846
240000,KDDCup,improved_UOB,100.0,96.19531881161846
245000,KDDCup,improved_UOB,100.0,96.19531881161846
250000,KDDCup,improved_UOB,100.0,96.19531881161846
255000,KDDCup,improved_UOB,100.0,96.19531881161846
260000,KDDCup,improved_UOB,100.0,96.19531881161846
265000,KDDCup,improved_UOB,100.0,96.19531881161846
270000,KDDCup,improved_UOB,100.0,96.19531881161846
275000,KDDCup,improved_UOB,100.0,96.19531881161846
280000,KDDCup,improved_UOB,100.0,96.19531881161846
285000,KDDCup,improved_UOB,100.0,96.19531881161846
290000,KDDCup,improved_UOB,100.0,96.19531881161846
295000,KDDCup,improved_UOB,100.0,96.19531881161846
300000,KDDCup,improved_UOB,100.0,96.19531881161846
305000,KDDCup,improved_UOB,100.0,96.19531881161846
310000,KDDCup,improved_UOB,100.0,96.19531881161846
315000,KDDCup,improved_UOB,100.0,96.19531881161846
320000,KDDCup,improved_UOB,100.0,96.19531881161846
325000,KDDCup,improved_UOB,100.0,96.19531881161846
330000,KDDCup,improved_UOB,100.0,96.19531881161846
335000,KDDCup,improved_UOB,100.0,96.19531881161846
340000,KDDCup,improved_UOB,100.0,96.19531881161846
345000,KDDCup,improved_UOB,100.0,98.19643547239137
350000,KDDCup,improved_UOB,100.0,97.57489758475334
355000,KDDCup,improved_UOB,99.71904983087998,97.57489758475334
360000,KDDCup,improved_UOB,99.75186330868749,97.57489758475334
365000,KDDCup,improved_UOB,99.81821532133303,97.57489758475334
370000,KDDCup,improved_UOB,99.36908235644934,96.72943815758185
375000,KDDCup,improved_UOB,99.87856911278278,95.48643340390957
380000,KDDCup,improved_UOB,99.84903391713428,95.48643340390957
385000,KDDCup,improved_UOB,99.99938265160536,95.48643340390957
390000,KDDCup,improved_UOB,99.9495687517498,95.48643340390957
395000,KDDCup,improved_UOB,99.9981510560565,95.48643340390957
400000,KDDCup,improved_UOB,99.99999987848629,90.7920543373605
405000,KDDCup,improved_UOB,100.0,90.7920543373605
410000,KDDCup,improved_UOB,100.0,90.7920543373605
415000,KDDCup,improved_UOB,100.0,90.7920543373605
420000,KDDCup,improved_UOB,100.0,90.7920543373605
425000,KDDCup,improved_UOB,100.0,90.7920543373605
430000,KDDCup,improved_UOB,100.0,90.7920543373605
435000,KDDCup,improved_UOB,100.0,90.7920543373605
440000,KDDCup,improved_UOB,100.0,90.7920543373605
445000,KDDCup,improved_UOB,100.0,90.7920543373605
450000,KDDCup,improved_UOB,100.0,96.11924088124977
455000,KDDCup,improved_UOB,99.67017337847844,85.58310173770347
460000,KDDCup,improved_UOB,99.94178007465061,99.09672230138588
465000,KDDCup,improved_UOB,99.99966986691165,99.09672230138588
470000,KDDCup,improved_UOB,99.49997496719756,99.09672230138588
475000,KDDCup,improved_UOB,98.61522232850025,99.09672230138588
480000,KDDCup,improved_UOB,99.90847914581742,99.09672230138588
485000,KDDCup,improved_UOB,99.99275565837969,95.32422809655635
490000,KDDCup,improved_UOB,99.99999589559926,88.57311197964735
495000,KDDCup,improved_UOB,99.99999996745352,96.97768836972259
500000,KDDCup,improved_UOB,0.0,0.0
5000,KDDCup,WEOB2,0.0,99.98517937398461
10000,KDDCup,WEOB2,99.99995348330667,98.81974158272055
15000,KDDCup,WEOB2,99.99999997318695,89.91384901057498
20000,KDDCup,WEOB2,99.99999998530684,95.96981951686666
25000,KDDCup,WEOB2,99.999999989603,99.35084860910447
30000,KDDCup,WEOB2,96.98686790707634,99.99998403693681
35000,KDDCup,WEOB2,96.50193356651616,99.76893669781394
40000,KDDCup,WEOB2,98.7606485079183,98.2629228132333
45000,KDDCup,WEOB2,99.99985126651175,95.03518127766806
50000,KDDCup,WEOB2,100.0,95.03518127766806
55000,KDDCup,WEOB2,94.09630692120969,95.81649860743599
60000,KDDCup,WEOB2,99.05810148856655,95.81649860743599
65000,KDDCup,WEOB2,97.3358027501808,95.81649860743599
70000,KDDCup,WEOB2,98.56032009251363,95.81649860743599
75000,KDDCup,WEOB2,96.09600407905488,98.58830510561879
80000,KDDCup,WEOB2,96.13177078935136,99.6167848898137
85000,KDDCup,WEOB2,97.59314524671264,98.89805512216255
90000,KDDCup,WEOB2,98.32644836426141,99.99967539163785
95000,KDDCup,WEOB2,99.99999971489089,96.67298907820614
100000,KDDCup,WEOB2,100.0,96.67298907820614
105000,KDDCup,WEOB2,100.0,97.70795038436006
110000,KDDCup,WEOB2,99.20819147623406,99.8137597198022
115000,KDDCup,WEOB2,97.6810290987553,99.8137597198022
120000,KDDCup,WEOB2,98.50958619971956,99.8137597198022
125000,KDDCup,WEOB2,98.49046693008736,99.8137597198022
130000,KDDCup,WEOB2,99.99816788610629,98.34219935784459
135000,KDDCup,WEOB2,100.0,98.34219935784459
140000,KDDCup,WEOB2,100.0,97.07734421356237
145000,KDDCup,WEOB2,97.21710063231475,94.89314463078165
150000,KDDCup,WEOB2,99.70847948751812,94.84521527503334
155000,KDDCup,WEOB2,99.99999999999751,94.84521527503334
160000,KDDCup,WEOB2,100.0,94.84521527503334
165000,KDDCup,WEOB2,100.0,94.84521527503334
170000,KDDCup,WEOB2,100.0,94.84521527503334
175000,KDDCup,WEOB2,100.0,94.84521527503334
180000,KDDCup,WEOB2,100.0,94.84521527503334
185000,KDDCup,WEOB2,100.0,94.84521527503334
190000,KDDCup,WEOB2,100.0,94.84521527503334
195000,KDDCup,WEOB2,100.0,94.84521527503334
200000,KDDCup,WEOB2,100.0,94.84521527503334
205000,KDDCup,WEOB2,100.0,94.84521527503334
210000,KDDCup,WEOB2,100.0,94.84521527503334
215000,KDDCup,WEOB2,100.0,94.84521527503334
220000,KDDCup,WEOB2,100.0,94.84521527503334
225000,KDDCup,WEOB2,100.0,94.84521527503334
230000,KDDCup,WEOB2,100.0,94.84521527503334
235000,KDDCup,WEOB2,100.0,94.84521527503334
240000,KDDCup,WEOB2,100.0,94.84521527503334
245000,KDDCup,WEOB2,100.0,94.84521527503334
250000,KDDCup,WEOB2,100.0,94.84521527503334
255000,KDDCup,WEOB2,100.0,94.84521527503334
260000,KDDCup,WEOB2,100.0,94.84521527503334
265000,KDDCup,WEOB2,100.0,94.84521527503334
270000,KDDCup,WEOB2,100.0,94.84521527503334
275000,KDDCup,WEOB2,100.0,94.84521527503334
280000,KDDCup,WEOB2,100.0,94.84521527503334
285000,KDDCup,WEOB2,100.0,94.84521527503334
290000,KDDCup,WEOB2,100.0,94.84521527503334
295000,KDDCup,WEOB2,100.0,94.84521527503334
300000,KDDCup,WEOB2,100.0,94.84521527503334
305000,KDDCup,WEOB2,100.0,94.84521527503334
310000,KDDCup,WEOB2,100.0,94.84521527503334
315000,KDDCup,WEOB2,100.0,94.84521527503334
320000,KDDCup,WEOB2,100.0,94.84521527503334
325000,KDDCup,WEOB2,100.0,94.84521527503334
330000,KDDCup,WEOB2,100.0,94.84521527503334
335000,KDDCup,WEOB2,100.0,94.84521527503334
340000,KDDCup,WEOB2,100.0,94.84521527503334
345000,KDDCup,WEOB2,99.57519080717454,97.46563927454154
350000,KDDCup,WEOB2,97.99186729336814,97.52779781992037
355000,KDDCup,WEOB2,96.87950676484029,97.52779781992037
360000,KDDCup,WEOB2,96.06817413909405,97.52779781992037
365000,KDDCup,WEOB2,96.68955699325691,97.52779781992037
370000,KDDCup,WEOB2,95.46683072239094,96.20451855763632
375000,KDDCup,WEOB2,97.2143567614752,95.45192683858139
380000,KDDCup,WEOB2,96.19333018870813,95.45192683858139
385000,KDDCup,WEOB2,99.4545095409219,95.45192683858139
390000,KDDCup,WEOB2,98.5922758434664,95.45192683858139
395000,KDDCup,WEOB2,99.93805488287408,95.45192683858139
400000,KDDCup,WEOB2,99.99999825455875,89.51089786012915
405000,KDDCup,WEOB2,100.0,89.51089786012915
410000,KDDCup,WEOB2,100.0,89.51089786012915
415000,KDDCup,WEOB2,100.0,89.51089786012915
420000,KDDCup,WEOB2,100.0,89.51089786012915
425000,KDDCup,WEOB2,100.0,89.51089786012915
430000,KDDCup,WEOB2,100.0,89.51089786012915
435000,KDDCup,WEOB2,100.0,89.51089786012915
440000,KDDCup,WEOB2,100.0,89.51089786012915
445000,KDDCup,WEOB2,100.0,89.51089786012915
450000,KDDCup,WEOB2,100.0,95.85593044708128
455000,KDDCup,WEOB2,99.67017337847844,85.58308894551092
460000,KDDCup,WEOB2,99.09125217522747,97.32360780527101
465000,KDDCup,WEOB2,98.21687794816002,97.32360780527101
470000,KDDCup,WEOB2,96.9396122985039,97.32360780527101
475000,KDDCup,WEOB2,96.623916959117,97.32360780527101
480000,KDDCup,WEOB2,98.36506111218957,97.32360780527101
485000,KDDCup,WEOB2,99.87058626212068,94.17041635063256
490000,KDDCup,WEOB2,99.99999584862586,87.15903393687405
495000,KDDCup,WEOB2,99.99999996708097,96.32314645522474
500000,KDDCup,WEOB2,0.0,0.0
5000,KDDCup,UOB,0.0,99.99999999998658
10000,KDDCup,UOB,99.99993743696432,99.77009547460378
15000,KDDCup,UOB,99.99999996393754,99.99999978359548
20000,KDDCup,UOB,60.88145069573526,99.77594439939843
25000,KDDCup,UOB,63.793690166995916,99.99989790360442
30000,KDDCup,UOB,39.824223291371815,99.99999172113392
35000,KDDCup,UOB,39.62510217449414,99.99999831066783
40000,KDDCup,UOB,81.5080699190896,99.76307597595199
45000,KDDCup,UOB,99.99470421863647,98.2215940810418
50000,KDDCup,UOB,99.9999991137655,98.2215940810418
55000,KDDCup,UOB,91.69378595528362,99.75079856508454
60000,KDDCup,UOB,99.04628053872058,99.75079856508454
65000,KDDCup,UOB,97.33964747781702,99.75079856508454
70000,KDDCup,UOB,98.57020381017377,99.75079856508454
75000,KDDCup,UOB,97.88099283644328,99.27942717038658
80000,KDDCup,UOB,95.2005370363247,94.72993434113914
85000,KDDCup,UOB,65.84027513110313,98.68540420152367
90000,KDDCup,UOB,80.8761057136288,99.48298712542314
95000,KDDCup,UOB,99.99999920256418,99.14368090214876
100000,KDDCup,UOB,100.0,99.14368090214876
105000,KDDCup,UOB,100.0,99.52190082232669
110000,KDDCup,UOB,99.98844025597604,97.16893276563871
115000,KDDCup,UOB,99.9990405382725,97.16893276563871
120000,KDDCup,UOB,99.99999999884005,97.16893276563871
125000,KDDCup,UOB,99.99999999891256,97.16893276563871
130000,KDDCup,UOB,100.0,94.95436754112062
135000,KDDCup,UOB,100.0,94.95436754112062
140000,KDDCup,UOB,100.0,97.04745729706768
145000,KDDCup,UOB,99.65185461031044,87.42160915984633
150000,KDDCup,UOB,99.02303534855344,99.96524381470387
155000,KDDCup,UOB,99.99999999998872,99.96524381470387
160000,KDDCup,UOB,100.0,99.96524381470387
165000,KDDCup,UOB,100.0,99.96524381470387
170000,KDDCup,UOB,100.0,99.96524381470387
175000,KDDCup,UOB,100.0,99.96524381470387
180000,KDDCup,UOB,100.0,99.96524381470387
185000,KDDCup,UOB,100.0,99.96524381470387
190000,KDDCup,UOB,100.0,99.96524381470387
195000,KDDCup,UOB,100.0,99.96524381470387
200000,KDDCup,UOB,100.0,99.96524381470387
205000,KDDCup,UOB,100.0,99.96524381470387
210000,KDDCup,UOB,100.0,99.96524381470387
215000,KDDCup,UOB,100.0,99.96524381470387
220000,KDDCup,UOB,100.0,99.96524381470387
225000,KDDCup,UOB,100.0,99.96524381470387
230000,KDDCup,UOB,100.0,99.96524381470387
235000,KDDCup,UOB,100.0,99.96524381470387
240000,KDDCup,UOB,100.0,99.96524381470387
245000,KDDCup,UOB,100.0,99.96524381470387
250000,KDDCup,UOB,100.0,99.96524381470387
255000,KDDCup,UOB,100.0,99.96524381470387
260000,KDDCup,UOB,100.0,99.96524381470387
265000,KDDCup,UOB,100.0,99.96524381470387
270000,KDDCup,UOB,100.0,99.96524381470387
275000,KDDCup,UOB,100.0,99.96524381470387
280000,KDDCup,UOB,100.0,99.96524381470387
285000,KDDCup,UOB,100.0,99.96524381470387
290000,KDDCup,UOB,100.0,99.96524381470387
295000,KDDCup,UOB,100.0,99.96524381470387
300000,KDDCup,UOB,100.0,99.96524381470387
305000,KDDCup,UOB,100.0,99.96524381470387
310000,KDDCup,UOB,100.0,99.96524381470387
315000,KDDCup,UOB,100.0,99.96524381470387
320000,KDDCup,UOB,100.0,99.96524381470387
325000,KDDCup,UOB,100.0,99.96524381470387
330000,KDDCup,UOB,100.0,99.96524381470387
335000,KDDCup,UOB,100.0,99.96524381470387
340000,KDDCup,UOB,100.0,99.96524381470387
345000,KDDCup,UOB,98.83896426044886,99.77488191941352
350000,KDDCup,UOB,99.91892022357489,99.99999992985796
355000,KDDCup,UOB,99.71903879767241,99.99999992985796
360000,KDDCup,UOB,99.94535149066017,99.99999992985796
365000,KDDCup,UOB,99.98195583420365,99.99999992985796
370000,KDDCup,UOB,99.26158968022946,97.57361611992144
375000,KDDCup,UOB,99.99601410330672,99.87047960720028
380000,KDDCup,UOB,100.0,99.87047960720028
385000,KDDCup,UOB,100.0,99.87047960720028
390000,KDDCup,UOB,100.0,99.87047960720028
395000,KDDCup,UOB,100.0,99.87047960720028
400000,KDDCup,UOB,99.99999968791262,99.98307576934438
405000,KDDCup,UOB,100.0,99.98307576934438
410000,KDDCup,UOB,100.0,99.98307576934438
415000,KDDCup,UOB,100.0,99.98307576934438
420000,KDDCup,UOB,100.0,99.98307576934438
425000,KDDCup,UOB,100.0,99.98307576934438
430000,KDDCup,UOB,100.0,99.98307576934438
435000,KDDCup,UOB,100.0,99.98307576934438
440000,KDDCup,UOB,100.0,99.98307576934438
445000,KDDCup,UOB,100.0,99.98307576934438
450000,KDDCup,UOB,100.0,99.99423935256985
455000,KDDCup,UOB,96.70514214033174,99.99999877856125
460000,KDDCup,UOB,95.83701067505068,100.0
465000,KDDCup,UOB,99.99999997233137,100.0
470000,KDDCup,UOB,99.99999999998225,100.0
475000,KDDCup,UOB,100.0,100.0
480000,KDDCup,UOB,100.0,100.0
485000,KDDCup,UOB,97.3642718639312,100.0
490000,KDDCup,UOB,99.99999661889181,99.79725131673499
495000,KDDCup,UOB,99.99999997318932,99.99999982029476
500000,KDDCup,UOB,0.0,0.0
5000,KDDCup,CSMOTE,50.25062499214834,99.6334846923498
10000,KDDCup,CSMOTE,99.99997677960256,99.80219347287053
15000,KDDCup,CSMOTE,99.99999998661522,99.99999995412723
20000,KDDCup,CSMOTE,60.88145070816232,99.97696747112818
25000,KDDCup,CSMOTE,65.63808601036648,99.96426041964412
30000,KDDCup,CSMOTE,69.13624469491128,99.98780598456871
35000,KDDCup,CSMOTE,68.79056347070618,99.99999999960959
40000,KDDCup,CSMOTE,70.9354837934346,100.0
45000,KDDCup,CSMOTE,99.99884855393042,97.50414720642529
50000,KDDCup,CSMOTE,100.0,97.50414720642529
55000,KDDCup,CSMOTE,99.40914703268075,99.25466857658148
60000,KDDCup,CSMOTE,99.9599960394181,99.25466857658148
65000,KDDCup,CSMOTE,99.99948881598701,99.25466857658148
70000,KDDCup,CSMOTE,99.99999998386825,99.25466857658148
75000,KDDCup,CSMOTE,100.0,98.53920106935844
80000,KDDCup,CSMOTE,84.8395910587407,99.9211592614708
85000,KDDCup,CSMOTE,90.8335877625717,99.99999224385758
90000,KDDCup,CSMOTE,95.90238039461676,100.0
95000,KDDCup,CSMOTE,99.99999739217078,99.97895460721973
100000,KDDCup,CSMOTE,100.0,99.97895460721973
105000,KDDCup,CSMOTE,100.0,99.99122394128348
110000,KDDCup,CSMOTE,99.99973801814325,99.98626863387383
115000,KDDCup,CSMOTE,100.0,99.98626863387383
120000,KDDCup,CSMOTE,100.0,99.98626863387383
125000,KDDCup,CSMOTE,100.0,99.98626863387383
130000,KDDCup,CSMOTE,98.9531910529915,99.51170814564908
135000,KDDCup,CSMOTE,99.9999999995098,99.51170814564908
140000,KDDCup,CSMOTE,100.0,99.99999877876745
145000,KDDCup,CSMOTE,99.53730400939482,97.94638002925025
150000,KDDCup,CSMOTE,99.64032726855147,98.61838214980529
155000,KDDCup,CSMOTE,99.9999999999967,98.61838214980529
160000,KDDCup,CSMOTE,100.0,98.61838214980529
165000,KDDCup,CSMOTE,100.0,98.61838214980529
170000,KDDCup,CSMOTE,100.0,98.61838214980529
175000,KDDCup,CSMOTE,100.0,98.61838214980529
180000,KDDCup,CSMOTE,100.0,98.61838214980529
185000,KDDCup,CSMOTE,100.0,98.61838214980529
190000,KDDCup,CSMOTE,100.0,98.61838214980529
195000,KDDCup,CSMOTE,100.0,98.61838214980529
200000,KDDCup,CSMOTE,100.0,98.61838214980529
205000,KDDCup,CSMOTE,100.0,98.61838214980529
210000,KDDCup,CSMOTE,100.0,98.61838214980529
215000,KDDCup,CSMOTE,100.0,98.61838214980529
220000,KDDCup,CSMOTE,100.0,98.61838214980529
225000,KDDCup,CSMOTE,100.0,98.61838214980529
230000,KDDCup,CSMOTE,100.0,98.61838214980529
235000,KDDCup,CSMOTE,100.0,98.61838214980529
240000,KDDCup,CSMOTE,100.0,98.61838214980529
245000,KDDCup,CSMOTE,100.0,98.61838214980529
250000,KDDCup,CSMOTE,100.0,98.61838214980529
255000,KDDCup,CSMOTE,100.0,98.61838214980529
260000,KDDCup,CSMOTE,100.0,98.61838214980529
265000,KDDCup,CSMOTE,100.0,98.61838214980529
270000,KDDCup,CSMOTE,100.0,98.61838214980529
275000,KDDCup,CSMOTE,100.0,98.61838214980529
280000,KDDCup,CSMOTE,100.0,98.61838214980529
285000,KDDCup,CSMOTE,100.0,98.61838214980529
290000,KDDCup,CSMOTE,100.0,98.61838214980529
295000,KDDCup,CSMOTE,100.0,98.61838214980529
300000,KDDCup,CSMOTE,100.0,98.61838214980529
305000,KDDCup,CSMOTE,100.0,98.61838214980529
310000,KDDCup,CSMOTE,100.0,98.61838214980529
315000,KDDCup,CSMOTE,100.0,98.61838214980529
320000,KDDCup,CSMOTE,100.0,98.61838214980529
325000,KDDCup,CSMOTE,100.0,98.61838214980529
330000,KDDCup,CSMOTE,100.0,98.61838214980529
335000,KDDCup,CSMOTE,100.0,98.61838214980529
340000,KDDCup,CSMOTE,100.0,98.61838214980529
345000,KDDCup,CSMOTE,99.83318899932148,99.8976089776372
350000,KDDCup,CSMOTE,99.98662521222992,99.32891889988232
355000,KDDCup,CSMOTE,99.89814637178496,99.32891889988232
360000,KDDCup,CSMOTE,99.9929427728797,99.32891889988232
365000,KDDCup,CSMOTE,99.98195677935622,99.32891889988232
370000,KDDCup,CSMOTE,99.999435889496,96.94099820096554
375000,KDDCup,CSMOTE,99.99999999931411,98.65164657604109
380000,KDDCup,CSMOTE,100.0,98.65164657604109
385000,KDDCup,CSMOTE,100.0,98.65164657604109
390000,KDDCup,CSMOTE,100.0,98.65164657604109
395000,KDDCup,CSMOTE,100.0,98.65164657604109
400000,KDDCup,CSMOTE,99.999999843566,97.88969339080084
405000,KDDCup,CSMOTE,100.0,97.88969339080084
410000,KDDCup,CSMOTE,100.0,97.88969339080084
415000,KDDCup,CSMOTE,100.0,97.88969339080084
420000,KDDCup,CSMOTE,100.0,97.88969339080084
425000,KDDCup,CSMOTE,100.0,97.88969339080084
430000,KDDCup,CSMOTE,100.0,97.88969339080084
435000,KDDCup,CSMOTE,100.0,97.88969339080084
440000,KDDCup,CSMOTE,100.0,97.88969339080084
445000,KDDCup,CSMOTE,100.0,97.88969339080084
450000,KDDCup,CSMOTE,100.0,99.28169660445432
455000,KDDCup,CSMOTE,93.26957814941002,97.52039631429692
460000,KDDCup,CSMOTE,97.01248085522408,99.98457901105247
465000,KDDCup,CSMOTE,99.99955135199562,99.98457901105247
470000,KDDCup,CSMOTE,99.55442372111507,99.98457901105247
475000,KDDCup,CSMOTE,99.53379267443891,99.98457901105247
480000,KDDCup,CSMOTE,99.97244076425237,99.98457901105247
485000,KDDCup,CSMOTE,99.61296256004074,98.93629998767288
490000,KDDCup,CSMOTE,99.99999988011425,99.16252042542568
495000,KDDCup,CSMOTE,99.5740990692505,99.99998781293279
500000,KDDCup,CSMOTE,0.0,0.0
5000,KDDCup,RebalanceStream,50.25062499214834,99.6334846923498
10000,KDDCup,RebalanceStream,99.99997677960255,99.80219347287053
15000,KDDCup,RebalanceStream,99.99999998661524,99.9999998777579
20000,KDDCup,RebalanceStream,93.76417742765032,99.03690274865701
25000,KDDCup,RebalanceStream,86.48156399984009,99.9997061798333
30000,KDDCup,RebalanceStream,72.56755524243259,99.99679802087245
35000,KDDCup,RebalanceStream,72.20471746545364,99.99999702315267
40000,KDDCup,RebalanceStream,92.7612863289421,98.225765325673
45000,KDDCup,RebalanceStream,99.99938166050966,99.74071676209608
50000,KDDCup,RebalanceStream,100.0,99.74071676209608
55000,KDDCup,RebalanceStream,94.08033374873399,99.88742389962223
60000,KDDCup,RebalanceStream,99.99999999278587,99.88742389962223
65000,KDDCup,RebalanceStream,100.0,99.88742389962223
70000,KDDCup,RebalanceStream,100.0,99.88742389962223
75000,KDDCup,RebalanceStream,99.50250000000001,99.37320229019598
80000,KDDCup,RebalanceStream,91.36973744071314,99.94692887360245
85000,KDDCup,RebalanceStream,94.78654626736423,99.99994934113725
90000,KDDCup,RebalanceStream,93.19855440869829,99.99999995464532
95000,KDDCup,RebalanceStream,99.99999780473618,99.81974236701568
100000,KDDCup,RebalanceStream,100.0,99.81974236701568
105000,KDDCup,RebalanceStream,100.0,99.97538297557571
110000,KDDCup,RebalanceStream,99.99995688168882,99.85658084460353
115000,KDDCup,RebalanceStream,100.0,99.85658084460353
120000,KDDCup,RebalanceStream,100.0,99.85658084460353
125000,KDDCup,RebalanceStream,99.9999999615102,99.85658084460353
130000,KDDCup,RebalanceStream,99.99691896920852,96.04753990143784
135000,KDDCup,RebalanceStream,100.0,96.04753990143784
140000,KDDCup,RebalanceStream,100.0,99.98825176381068
145000,KDDCup,RebalanceStream,98.05160543678586,96.23616835210484
150000,KDDCup,RebalanceStream,96.81341406093291,99.36668082299049
155000,KDDCup,RebalanceStream,99.99999999995985,99.36668082299049
160000,KDDCup,RebalanceStream,100.0,99.36668082299049
165000,KDDCup,RebalanceStream,100.0,99.36668082299049
170000,KDDCup,RebalanceStream,100.0,99.36668082299049
175000,KDDCup,RebalanceStream,100.0,99.36668082299049
180000,KDDCup,RebalanceStream,100.0,99.36668082299049
185000,KDDCup,RebalanceStream,100.0,99.36668082299049
190000,KDDCup,RebalanceStream,100.0,99.36668082299049
195000,KDDCup,RebalanceStream,100.0,99.36668082299049
200000,KDDCup,RebalanceStream,100.0,99.36668082299049
205000,KDDCup,RebalanceStream,100.0,99.36668082299049
210000,KDDCup,RebalanceStream,100.0,99.36668082299049
215000,KDDCup,RebalanceStream,100.0,99.36668082299049
220000,KDDCup,RebalanceStream,100.0,99.36668082299049
225000,KDDCup,RebalanceStream,100.0,99.36668082299049
230000,KDDCup,RebalanceStream,100.0,99.36668082299049
235000,KDDCup,RebalanceStream,100.0,99.36668082299049
240000,KDDCup,RebalanceStream,100.0,99.36668082299049
245000,KDDCup,RebalanceStream,100.0,99.36668082299049
250000,KDDCup,RebalanceStream,100.0,99.36668082299049
255000,KDDCup,RebalanceStream,100.0,99.36668082299049
260000,KDDCup,RebalanceStream,100.0,99.36668082299049
265000,KDDCup,RebalanceStream,100.0,99.36668082299049
270000,KDDCup,RebalanceStream,100.0,99.36668082299049
275000,KDDCup,RebalanceStream,100.0,99.36668082299049
280000,KDDCup,RebalanceStream,100.0,99.36668082299049
285000,KDDCup,RebalanceStream,100.0,99.36668082299049
290000,KDDCup,RebalanceStream,100.0,99.36668082299049
295000,KDDCup,RebalanceStream,100.0,99.36668082299049
300000,KDDCup,RebalanceStream,100.0,99.36668082299049
305000,KDDCup,RebalanceStream,100.0,99.36668082299049
310000,KDDCup,RebalanceStream,100.0,99.36668082299049
315000,KDDCup,RebalanceStream,100.0,99.36668082299049
320000,KDDCup,RebalanceStream,100.0,99.36668082299049
325000,KDDCup,RebalanceStream,100.0,99.36668082299049
330000,KDDCup,RebalanceStream,100.0,99.36668082299049
335000,KDDCup,RebalanceStream,100.0,99.36668082299049
340000,KDDCup,RebalanceStream,100.0,99.36668082299049
345000,KDDCup,RebalanceStream,98.84721709666904,96.04407758187845
350000,KDDCup,RebalanceStream,99.95329893382174,99.99999789094458
355000,KDDCup,RebalanceStream,99.42511129637788,99.99999789094458
360000,KDDCup,RebalanceStream,99.93989580845582,99.99999789094458
365000,KDDCup,RebalanceStream,99.99999875458255,99.99999789094458
370000,KDDCup,RebalanceStream,100.0,97.56879865616042
375000,KDDCup,RebalanceStream,99.99999951097561,97.98495453633248
380000,KDDCup,RebalanceStream,100.0,97.98495453633248
385000,KDDCup,RebalanceStream,100.0,97.98495453633248
390000,KDDCup,RebalanceStream,100.0,97.98495453633248
395000,KDDCup,RebalanceStream,100.0,97.98495453633248
400000,KDDCup,RebalanceStream,99.99999968869096,99.07171422448576
405000,KDDCup,RebalanceStream,100.0,99.07171422448576
410000,KDDCup,RebalanceStream,100.0,99.07171422448576
415000,KDDCup,RebalanceStream,100.0,99.07171422448576
420000,KDDCup,RebalanceStream,100.0,99.07171422448576
425000,KDDCup,RebalanceStream,100.0,99.07171422448576
430000,KDDCup,RebalanceStream,100.0,99.07171422448576
435000,KDDCup,RebalanceStream,100.0,99.07171422448576
440000,KDDCup,RebalanceStream,100.0,99.07171422448576
445000,KDDCup,RebalanceStream,100.0,99.07171422448576
450000,KDDCup,RebalanceStream,100.0,99.51039519777089
455000,KDDCup,RebalanceStream,95.32833475018607,99.99685312558402
460000,KDDCup,RebalanceStream,98.1548172015214,99.98828463773269
465000,KDDCup,RebalanceStream,99.9995513554477,99.98828463773269
470000,KDDCup,RebalanceStream,99.55442372107608,99.98828463773269
475000,KDDCup,RebalanceStream,99.99990736665052,99.98828463773269
480000,KDDCup,RebalanceStream,99.99999999992723,99.98828463773269
485000,KDDCup,RebalanceStream,99.61514401387264,98.93618852718929
490000,KDDCup,RebalanceStream,99.9999999891979,99.16252037363435
495000,KDDCup,RebalanceStream,98.15045688463455,99.99998853403822
500000,KDDCup,RebalanceStream,0.0,0.0
5000,PAKDD,improved_OOB,73.43283932546447,44.34657840384493
10000,PAKDD,improved_OOB,74.86288499270468,39.5624871767505
15000,PAKDD,improved_OOB,86.68179967463699,35.9066134768229
20000,PAKDD,improved_OOB,75.00264093774378,41.55691350407731
25000,PAKDD,improved_OOB,64.84194660368748,53.712081574413105
30000,PAKDD,improved_OOB,74.90274475922911,43.21354229149967
35000,PAKDD,improved_OOB,75.58820127147999,32.07872479443277
40000,PAKDD,improved_OOB,69.56190982532193,45.758976740583634
45000,PAKDD,improved_OOB,79.6386045336841,38.68551005742337
50000,PAKDD,improved_OOB,81.98492563633035,47.46015917354765
5000,PAKDD,WEOB1,43.42122139352892,79.27468524484611
10000,PAKDD,WEOB1,56.03839319854514,66.25749059361775
15000,PAKDD,WEOB1,71.13912422950024,53.61184076636465
20000,PAKDD,WEOB1,66.46848977883074,54.68454027084998
25000,PAKDD,WEOB1,57.814044044071906,61.779688973134895
30000,PAKDD,WEOB1,63.859610859667086,56.709559053292296
35000,PAKDD,WEOB1,65.23294673645034,50.91171569093405
40000,PAKDD,WEOB1,63.52534441575379,54.23511686409519
45000,PAKDD,WEOB1,63.45953889490464,54.08443847359388
50000,PAKDD,WEOB1,69.93251293485936,57.5398970072104
5000,PAKDD,OOB,51.72591929750085,69.82892958845714
10000,PAKDD,OOB,47.12293859399528,67.58815547024292
15000,PAKDD,OOB,63.14469182929348,52.66729137878865
20000,PAKDD,OOB,60.78171999814775,56.768721745803205
25000,PAKDD,OOB,62.004171285700295,56.044804884226195
30000,PAKDD,OOB,58.954241422321196,64.28703866437844
35000,PAKDD,OOB,61.343803576503646,54.460476894094896
40000,PAKDD,OOB,64.64594783917916,55.78721728207053
45000,PAKDD,OOB,61.402682044084244,57.00045343996533
50000,PAKDD,OOB,67.08040173501003,60.406925223143176
5000,PAKDD,ESOS_ELM,100.0,0.0
10000,PAKDD,ESOS_ELM,100.0,0.0
15000,PAKDD,ESOS_ELM,51.112987913423325,59.03384247667488
20000,PAKDD,ESOS_ELM,52.14061115443597,58.65891566136115
25000,PAKDD,ESOS_ELM,51.0257053570165,56.100928537127785
30000,PAKDD,ESOS_ELM,50.48637138340193,58.15361213895028
35000,PAKDD,ESOS_ELM,52.87035558202142,54.82393137898653
40000,PAKDD,ESOS_ELM,56.27354711342592,56.06704250575545
45000,PAKDD,ESOS_ELM,56.06140875243941,53.30213693659512
50000,PAKDD,ESOS_ELM,54.537034066434444,55.023826983501024
5000,PAKDD,improved_UOB,26.43833844562287,88.72958192202803
10000,PAKDD,improved_UOB,43.22812985357178,77.6559014144582
15000,PAKDD,improved_UOB,62.32677880159021,66.66545562590589
20000,PAKDD,improved_UOB,52.45863856313191,70.19281030537238
25000,PAKDD,improved_UOB,50.83473448272281,66.70698007512887
30000,PAKDD,improved_UOB,45.22281907722181,74.71613994638383
35000,PAKDD,improved_UOB,52.610379490020804,63.31550499978581
40000,PAKDD,improved_UOB,57.94920852219833,65.27669296344982
45000,PAKDD,improved_UOB,51.03000064680402,63.863780990089154
50000,PAKDD,improved_UOB,58.96699941780925,62.492004149882135
5000,PAKDD,WEOB2,21.052968156488046,91.75855084979021
10000,PAKDD,WEOB2,40.26955764203359,85.52646120322093
15000,PAKDD,WEOB2,69.49154014998598,61.01543437923327
20000,PAKDD,WEOB2,65.48933153554141,61.17973445471713
25000,PAKDD,WEOB2,42.96543761201813,72.54454727330717
30000,PAKDD,WEOB2,42.80321059897814,76.0029367858781
35000,PAKDD,WEOB2,56.95764892333999,64.07574846458616
40000,PAKDD,WEOB2,54.51970635992133,65.5803298162537
45000,PAKDD,WEOB2,48.418589309255026,67.23087296937082
50000,PAKDD,WEOB2,51.43941493611419,68.11255414059042
5000,PAKDD,UOB,21.2395840475273,90.98490457272636
10000,PAKDD,UOB,33.215918959317385,86.42444786839941
15000,PAKDD,UOB,31.83136865217849,84.3641968111593
20000,PAKDD,UOB,37.0125278008738,82.34205046257263
25000,PAKDD,UOB,34.780368101689135,79.79163793529872
30000,PAKDD,UOB,34.90159760159775,83.12724084497236
35000,PAKDD,UOB,34.73436874837558,79.65304391550512
40000,PAKDD,UOB,35.03336689834045,84.9630038416227
45000,PAKDD,UOB,32.323773780428674,83.0734853811631
50000,PAKDD,UOB,38.68654731142048,83.04598695158982
5000,PAKDD,CSMOTE,57.4588842508369,61.17697369445982
10000,PAKDD,CSMOTE,40.03636270095943,76.28106830202613
15000,PAKDD,CSMOTE,66.32485108747656,51.87103934760965
20000,PAKDD,CSMOTE,76.6894464126644,40.1667295106168
25000,PAKDD,CSMOTE,55.93056842793408,57.77611748212041
30000,PAKDD,CSMOTE,57.15547796010354,49.94692200729617
35000,PAKDD,CSMOTE,58.1962874526224,60.191229905319105
40000,PAKDD,CSMOTE,64.73573025957249,52.856394235235754
45000,PAKDD,CSMOTE,41.88984682295449,67.73634494186261
50000,PAKDD,CSMOTE,61.247843119888884,48.373532612641654
5000,PAKDD,RebalanceStream,99.99971176189239,0.07553140621874355
10000,PAKDD,RebalanceStream,99.97779699533571,0.0007093288695770714
15000,PAKDD,RebalanceStream,99.26496534877059,1.4966112719407791
20000,PAKDD,RebalanceStream,99.65957238939542,0.9334528068283119
25000,PAKDD,RebalanceStream,99.99958298166908,0.01724253293766514
30000,PAKDD,RebalanceStream,99.24605288830125,1.1887244980280995
35000,PAKDD,RebalanceStream,99.72165913195899,0.6559998970640667
40000,PAKDD,RebalanceStream,99.99823269481227,0.020807299678193645
45000,PAKDD,RebalanceStream,99.9943310731213,0.2621887260343271
50000,PAKDD,RebalanceStream,99.87142777683687,0.5112638428639391
5000,Elec,improved_OOB,94.00248559392035,90.85105624316955
10000,Elec,improved_OOB,91.13503738220527,94.67901379509861
15000,Elec,improved_OOB,94.70115045208374,90.32870757285151
20000,Elec,improved_OOB,93.49627035119202,88.83224375512215
25000,Elec,improved_OOB,88.9523561947792,74.82959094494518
30000,Elec,improved_OOB,90.85149582318033,80.52393855290806
35000,Elec,improved_OOB,89.86620049710403,70.5466594446248
40000,Elec,improved_OOB,85.94463507949266,96.11743416398963
45000,Elec,improved_OOB,92.36444698814012,87.6714082022155
50000,Elec,improved_OOB,89.55023394329682,91.6879083253982
5000,Elec,WEOB1,95.07517255685548,86.79864872976086
10000,Elec,WEOB1,86.06159129321074,95.81289742082843
15000,Elec,WEOB1,95.78761648386093,87.73820801824833
20000,Elec,WEOB1,94.3093163938148,87.06252269914623
25000,Elec,WEOB1,85.32780868238295,78.53731632325615
30000,Elec,WEOB1,88.13398276411418,81.94962706367322
35000,Elec,WEOB1,91.02670697245024,73.21547825850983
40000,Elec,WEOB1,85.1821058014283,97.48389546471175
45000,Elec,WEOB1,92.18464955740137,75.85640530342133
50000,Elec,WEOB1,87.61398483604908,82.24557102485346
5000,Elec,OOB,93.45772191392713,90.57809781474306
10000,Elec,OOB,90.66861591249256,96.4684296790444
15000,Elec,OOB,97.649122675957,86.3281529847542
20000,Elec,OOB,96.11996695043787,86.78160624188865
25000,Elec,OOB,84.9551532784118,84.22404459357472
30000,Elec,OOB,90.35477820659854,81.78450886175973
35000,Elec,OOB,91.9895220048459,78.68006735771145
40000,Elec,OOB,92.10711810822603,95.63057554640454
45000,Elec,OOB,89.43212393539818,91.24108473837964
50000,Elec,OOB,90.16586311650283,92.45389630826416
5000,Elec,ESOS_ELM,100.0,0.0
10000,Elec,ESOS_ELM,100.0,0.0
15000,Elec,ESOS_ELM,70.67896462486671,79.03699373704362
20000,Elec,ESOS_ELM,58.9157155712352,86.62612206484108
25000,Elec,ESOS_ELM,89.91006863803337,51.09159793706321
30000,Elec,ESOS_ELM,73.01459038211857,48.04358351822805
35000,Elec,ESOS_ELM,49.41733030030578,67.71218790819059
40000,Elec,ESOS_ELM,75.1037250162454,62.82413730862976
45000,Elec,ESOS_ELM,85.09134743578137,70.76331411207309
50000,Elec,ESOS_ELM,87.2764001757409,69.35275567200247
5000,Elec,improved_UOB,94.95397247831735,81.02159335997374
10000,Elec,improved_UOB,78.36572932078172,95.62517039223043
15000,Elec,improved_UOB,96.19186617980468,73.39118147483407
20000,Elec,improved_UOB,94.64165338625004,80.98730682945255
25000,Elec,improved_UOB,80.00316405810976,76.3486839545329
30000,Elec,improved_UOB,84.49766998851099,84.99927779903258
35000,Elec,improved_UOB,82.59649120632375,74.08213898912207
40000,Elec,improved_UOB,83.60363919389467,97.3423138451533
45000,Elec,improved_UOB,92.30754497762152,67.17179727764793
50000,Elec,improved_UOB,86.48254473912029,78.40969504949261
5000,Elec,WEOB2,91.64374017548278,78.61374056460609
10000,Elec,WEOB2,80.32912452780523,95.50200808335092
15000,Elec,WEOB2,96.55312847970251,62.88565685195748
20000,Elec,WEOB2,92.25224681847179,88.02971578835431
25000,Elec,WEOB2,73.46767295372845,75.99209247823278
30000,Elec,WEOB2,60.67187433232505,82.27104853985159
35000,Elec,WEOB2,90.14776731128951,73.8166868932715
40000,Elec,WEOB2,68.24096842977886,98.99707865440153
45000,Elec,WEOB2,89.08210924540562,72.10333532195396
50000,Elec,WEOB2,84.05087988583479,81.83515181711132
5000,Elec,UOB,94.63139591341205,85.43178819447596
10000,Elec,UOB,89.40976873610884,91.38978042529493
15000,Elec,UOB,98.08170493645538,80.86043637610261
20000,Elec,UOB,90.51306818629482,87.14127547398587
25000,Elec,UOB,85.02504805755176,68.40849481596273
30000,Elec,UOB,90.45517319900149,71.37532698576841
35000,Elec,UOB,84.94991289080407,62.727636725122
40000,Elec,UOB,90.34140479063534,95.51524654892752
45000,Elec,UOB,94.3755298054513,79.04526198702845
50000,Elec,UOB,93.676261414206,86.86638594545391
5000,Elec,CSMOTE,89.66106474647314,82.14704072793037
10000,Elec,CSMOTE,91.9473461826732,71.0409373531903
15000,Elec,CSMOTE,97.14508169079942,83.64514726671905
20000,Elec,CSMOTE,93.84738274831386,80.83334242734156
25000,Elec,CSMOTE,71.89290359282451,81.2300482816942
30000,Elec,CSMOTE,86.82209084086399,79.65934499336153
35000,Elec,CSMOTE,91.84246010848537,70.18711628412747
40000,Elec,CSMOTE,86.21671432137977,92.3631988402642
45000,Elec,CSMOTE,98.30702862350513,56.840959479946335
50000,Elec,CSMOTE,93.26668154488651,72.39100526233365
5000,Elec,RebalanceStream,92.76638733790092,76.35378541593319
10000,Elec,RebalanceStream,91.53639979476495,84.88891476837081
15000,Elec,RebalanceStream,95.23608232031879,84.52637530666142
20000,Elec,RebalanceStream,88.86621833910762,73.30443331640073
25000,Elec,RebalanceStream,86.10008711520469,51.3075251055554
30000,Elec,RebalanceStream,86.16274083378276,73.27088218799234
35000,Elec,RebalanceStream,81.22781421144806,75.06835025331226
40000,Elec,RebalanceStream,85.23521418673495,83.78012101710566
45000,Elec,RebalanceStream,84.63862965130785,73.28066005431397
50000,Elec,RebalanceStream,82.47098248486346,78.15250504828126
